CHARTER,VALID,AA_SIG,AS_SIG,HI_SIG,WH_SIG,SD_SIG,YR_RND,ACS_CORE,AVG_ED,NUMTEACH,FULL_PCT,EMER_PCT,WVR_PCT,YRS_TEACH,YRONE_TCH,YRTWO_TCH,API
?,676,Yes,No,Yes,Yes,Yes,No,30,2.86,32,0.96875,0,0.03125,14.125,0,0,Low
?,956,Yes,No,Yes,Yes,Yes,No,26,2.97,45,0.933333,0,0,11.577777,0,0,High
?,840,Yes,No,Yes,Yes,Yes,No,25,2.36,47,0.978723,0,0,9.765957,0,3,Low
?,944,Yes,No,Yes,Yes,Yes,No,26,2.14,49,0.979591,0,0,12.489795,0,1,Low
?,1034,Yes,No,Yes,Yes,Yes,No,30,2.48,52,0.942307,0,0.01923,14.01923,0,3,Low
?,885,No,No,No,Yes,No,No,32,4,37,0.945945,0.054054,0,11.081081,1,12,High
?,900,No,No,No,Yes,No,No,32,4.02,41,0.975609,0,0,18.195121,7,2,High
?,1041,No,No,No,Yes,No,No,32,4.1,41,1,0,0,15.609756,1,9,High
?,857,No,No,Yes,No,Yes,No,30,2.24,37,1,0.054054,0,10.783783,1,3,High
?,992,Yes,No,Yes,No,Yes,No,28,2.19,46,1,0.021739,0.021739,13.608695,1,0,Low
D,392,Yes,No,Yes,No,Yes,No,27,?,18,0.222222,0.055555,0,6.277777,2,1,Low
D,301,Yes,No,No,No,Yes,No,27,2.78,18,0.611111,0.055555,0,4.611111,3,2,Low
?,1907,No,No,Yes,No,Yes,No,23,1.78,93,0.913978,0.021505,0,12.935483,3,6,Low
?,986,No,No,Yes,No,Yes,No,28,2.53,44,1,0,0,12.25,2,0,Low
?,761,No,No,Yes,No,Yes,No,28,2.49,35,1,0,0,11.742857,2,3,High
?,770,Yes,No,Yes,No,Yes,No,34,1.61,35,0.885714,0,0,7.942857,5,2,Low
?,589,Yes,Yes,Yes,No,Yes,No,31,2.07,28,0.964285,0.035714,0,9.714285,1,3,Low
?,856,No,No,Yes,No,Yes,No,30,2.12,40,0.95,0.025,0,15.25,2,0,Low
?,1029,Yes,No,Yes,No,Yes,No,30,2.09,44,0.977272,0,0,8.704545,4,5,Low
?,1015,Yes,Yes,Yes,Yes,Yes,No,34,2.91,42,0.95238,0,0,14.928571,1,1,Low
?,794,Yes,Yes,Yes,No,Yes,No,27,2.03,45,0.977777,0,0,9.288888,2,2,Low
?,845,Yes,No,Yes,No,Yes,No,28,1.95,46,0.804347,0.086956,0,9.347826,8,3,Low
?,852,Yes,No,Yes,No,Yes,No,31,2.41,40,0.9,0.05,0,12.95,4,4,Low
?,852,No,No,Yes,Yes,Yes,No,33,3.68,33,0.939393,0,0,15.484848,0,2,High
?,998,Yes,No,Yes,No,Yes,No,34,2.46,44,0.954545,0.022727,0,11,4,5,Low
?,1180,Yes,Yes,Yes,Yes,Yes,No,34,3.05,45,1,0,0,14.8,0,2,High
?,864,Yes,No,Yes,No,Yes,No,32,2.15,47,0.978723,0,0,8.914893,3,4,Low
?,1024,Yes,Yes,Yes,Yes,Yes,No,33,2.59,45,0.977777,0,0,14.933333,1,2,High
?,1511,Yes,Yes,Yes,Yes,Yes,No,33,3.33,59,0.98305,0,0,13.610169,0,3,High
?,1283,Yes,Yes,Yes,Yes,Yes,No,34,3.6,53,1,0,0,14.26415,1,1,High
?,859,Yes,No,Yes,No,Yes,No,32,1.74,37,0.945945,0.027027,0,7.972972,1,4,Low
D,143,No,No,Yes,No,Yes,No,15,1.88,12,1,0,0,4.333333,5,1,Low
D,?,?,?,?,?,?,No,28,2.13,16,0.5625,0.0625,0,3.125,4,5,?
D,314,No,No,Yes,No,Yes,No,29,1.97,17,0.411764,0,0,6.647058,0,1,High
?,?,?,?,?,?,?,No,6,1,2,1,0,0,3,0,0,?
D,326,Yes,No,No,No,Yes,No,30,2.88,18,0.722222,0,0,5.555555,0,3,High
D,207,No,No,Yes,Yes,No,No,27,2,12,0.916666,0,0,5.166666,2,2,High
D,215,No,No,Yes,No,Yes,No,29,2.27,11,0.636363,0,0,2.545454,5,1,High
D,518,Yes,No,Yes,No,Yes,No,25,2.34,30,0.533333,0,0,6.8,3,5,Low
D,361,No,No,Yes,No,Yes,No,25,2.04,14,0,0,0,6.714285,0,4,Low
?,1812,No,No,Yes,No,Yes,No,28,1.69,91,0.98901,0,0,6.21978,7,17,Low
?,1266,No,No,Yes,No,Yes,No,28,1.86,57,0.982456,0.017543,0,6.859649,5,3,Low
D,392,Yes,No,Yes,No,Yes,No,26,1.82,18,0.777777,0,0,2.277777,7,4,Low
D,156,No,No,Yes,No,Yes,No,22,2.64,10,0.9,0,0,3.6,1,3,Low
D,269,No,No,Yes,No,Yes,No,24,2.34,13,0.692307,0,0,4.384615,5,3,Low
D,300,No,No,Yes,No,Yes,No,22,1.81,15,0.733333,0,0,4.666666,2,4,Low
D,247,Yes,No,Yes,No,Yes,No,25,1.9,11,0.454545,0.090909,0,3.181818,4,2,Low
?,1035,No,No,Yes,No,Yes,No,29,1.62,48,0.979166,0,0,9.291666,2,8,Low
D,385,No,No,Yes,No,Yes,No,29,2.07,15,0.666666,0,0,3,6,0,High
D,230,No,No,Yes,No,Yes,No,24,2.16,11,0.454545,0,0,2.272727,4,5,Low
D,280,No,No,Yes,No,Yes,No,24,2.08,15,0.733333,0,0,4.466666,1,8,High
D,190,Yes,No,No,No,Yes,No,25,3.12,5,0.6,0.2,0,5.4,0,1,Low
D,261,Yes,No,No,No,Yes,No,20,3.09,15,0.4,0,0,3,4,4,Low
?,1783,No,No,Yes,No,Yes,No,33,1.53,77,0.844155,0,0,3.51948,11,42,Low
D,130,No,No,Yes,No,Yes,No,28,1.83,5,0.8,0.2,0,8.2,0,3,Low
D,213,Yes,No,Yes,No,Yes,No,22,2.78,8,0.625,0,0,2.25,4,2,Low
D,138,No,No,No,Yes,No,No,28,3.35,7,0.857142,0,0,1.714285,2,5,High
D,148,No,No,Yes,No,Yes,No,18,2.39,13,0.76923,0.076923,0.076923,4.692307,1,4,Low
D,173,Yes,No,No,No,Yes,No,?,2.89,4,0.75,0,0,3.75,1,1,Low
D,133,No,No,Yes,No,Yes,No,24,1,7,0.142857,0,0,3.857142,5,0,Low
D,96,No,No,Yes,No,Yes,No,?,1.82,5,0.8,0,0,1,5,0,Low
?,1313,No,No,Yes,No,Yes,No,31,1.85,65,0.953846,0,0,7.153846,9,8,Low
D,60,No,No,No,No,No,No,23,2.67,7,0.428571,0,0,4.857142,3,0,Low
D,58,No,No,No,No,Yes,No,11,2,6,0.5,0.166666,0,3.666666,2,0,High
D,?,?,?,?,?,?,No,18,2.58,5,0.6,0,0,6,2,0,?
?,119,No,No,Yes,No,Yes,No,?,3.03,16,1,0,0,15.875,0,1,?
?,1493,No,No,Yes,No,Yes,No,26,1.56,76,0.93421,0,0,11.223684,7,6,Low
?,1197,No,No,Yes,No,Yes,No,28,2.18,54,1,0,0.018518,9.703703,4,6,Low
?,2024,No,No,Yes,No,Yes,No,23,1.64,109,0.963302,0,0,8.293577,7,18,Low
?,1335,No,No,Yes,No,Yes,No,29,1.8,68,0.955882,0,0,13.029411,2,5,Low
?,1614,No,No,Yes,No,Yes,No,30,1.82,73,0.945205,0,0,10.863013,8,4,Low
?,1421,Yes,No,Yes,No,Yes,No,26,2.54,76,0.947368,0,0,9.407894,4,8,Low
?,1824,Yes,No,Yes,No,Yes,Yes,24,1.7,98,0.969387,0,0,12.295918,9,5,Low
?,2832,No,No,Yes,No,Yes,Yes,23,1.79,158,0.981012,0,0,9.303797,9,27,Low
?,959,No,No,Yes,No,Yes,No,26,1.95,50,0.94,0,0,10.66,1,6,Low
?,1699,Yes,No,Yes,Yes,Yes,No,30,2.01,78,0.974358,0.01282,0,12.794871,0,6,Low
?,1968,Yes,No,Yes,No,Yes,Yes,26,1.53,102,0.911764,0,0,7.529411,18,20,Low
?,971,Yes,No,Yes,Yes,Yes,No,27,2.8,51,0.941176,0,0,11.215686,3,2,Low
?,1700,Yes,No,Yes,Yes,Yes,No,29,2.24,79,0.987341,0,0,7.632911,4,8,Low
?,1778,No,No,Yes,No,Yes,No,28,1.77,100,0.98,0,0,9.43,2,12,Low
?,1414,Yes,No,Yes,No,Yes,No,26,1.72,76,0.907894,0,0,5,17,24,Low
?,1734,No,No,Yes,No,Yes,No,27,1.91,87,0.988505,0,0,12.160919,1,7,Low
?,1186,Yes,No,Yes,No,Yes,No,25,1.7,65,0.861538,0,0,8.2,12,6,Low
?,1960,No,No,Yes,No,Yes,No,25,1.73,98,0.989795,0,0,9.367346,8,7,Low
?,1413,No,Yes,Yes,Yes,Yes,No,29,2.6,63,1,0.015873,0,12.507936,0,3,High
?,1215,No,No,Yes,No,Yes,No,28,1.97,62,1,0,0,14.774193,0,3,Low
?,2299,No,Yes,Yes,Yes,Yes,Yes,28,2.09,109,0.963302,0,0,10.495412,10,7,Low
?,1610,Yes,Yes,Yes,Yes,Yes,No,27,2.78,77,1,0,0,14.311688,0,0,High
?,851,No,No,Yes,No,Yes,No,25,1.58,57,0.947368,0.017543,0,8.543859,8,9,Low
?,990,Yes,No,Yes,No,Yes,No,25,1.9,63,0.984126,0,0,5.841269,3,12,Low
?,857,Yes,No,Yes,No,Yes,No,26,2.12,50,0.98,0,0.02,12.78,1,4,Low
?,764,No,No,Yes,No,Yes,No,20,1.91,50,1,0,0,9.32,3,5,Low
?,2041,Yes,No,Yes,No,Yes,Yes,24,1.63,111,0.927927,0,0,8.45045,13,17,Low
?,1865,Yes,No,Yes,Yes,Yes,No,32,3.19,78,0.961538,0,0,10.397435,6,6,High
?,1164,No,No,Yes,Yes,Yes,No,33,2.52,58,0.982758,0,0,12.396551,1,5,Low
?,1755,Yes,No,Yes,No,Yes,No,25,1.79,101,0.960396,0,0,8.50495,8,16,Low
?,1634,No,No,Yes,Yes,Yes,No,28,2.01,84,0.97619,0,0,11.107142,0,5,Low
?,1716,No,Yes,Yes,No,Yes,No,30,1.86,78,0.987179,0,0,11.243589,1,4,Low
?,1004,No,No,Yes,No,Yes,No,23,1.77,63,0.95238,0,0,10.444444,10,4,Low
?,1893,No,No,Yes,No,Yes,No,26,1.75,99,0.979797,0,0,10.616161,11,14,Low
?,1745,Yes,Yes,Yes,Yes,Yes,No,29,3.17,74,1,0,0,15.094594,0,4,High
?,1702,No,Yes,Yes,Yes,Yes,No,29,2.82,78,1,0,0,11.051282,2,10,High
Y,1997,Yes,Yes,Yes,Yes,Yes,No,31,3.63,83,0.987951,0,0,10.602409,5,5,High
?,1716,Yes,Yes,Yes,Yes,Yes,No,32,2.95,70,1,0,0,13.585714,0,3,High
?,1557,No,No,Yes,No,Yes,No,22,1.73,88,0.977272,0,0,9.329545,7,13,Low
?,1830,No,No,Yes,No,Yes,No,26,2,95,0.957894,0,0,11.610526,6,7,Low
?,2746,No,No,Yes,No,Yes,No,29,1.99,120,0.983333,0,0,9.95,6,12,Low
?,2157,No,No,Yes,No,Yes,No,26,1.69,104,0.980769,0,0,11.673076,9,12,Low
?,1338,No,No,Yes,No,Yes,No,30,2.01,66,0.969696,0,0,9.212121,2,7,Low
?,1311,No,No,Yes,Yes,Yes,No,26,2.03,77,0.974025,0,0,10.077922,3,9,Low
?,1908,No,No,Yes,No,Yes,Yes,24,1.84,108,0.953703,0,0,9.777777,8,10,Low
?,772,Yes,No,Yes,No,Yes,No,22,2.23,49,1,0,0,7.979591,4,3,Low
?,1745,Yes,No,Yes,No,Yes,No,27,2.57,83,0.975903,0,0,10.156626,4,5,Low
?,1956,No,No,Yes,No,Yes,No,26,1.86,98,0.969387,0,0,10.204081,2,20,Low
?,988,Yes,No,Yes,Yes,Yes,No,27,3.03,52,1,0,0,14.538461,2,2,Low
?,1023,Yes,No,Yes,No,Yes,No,22,2.22,69,0.971014,0,0,12.144927,7,3,Low
?,2089,No,Yes,Yes,No,Yes,Yes,25,1.66,110,0.963636,0,0,10.963636,5,5,Low
?,1943,Yes,Yes,Yes,Yes,Yes,No,31,2.99,84,1,0,0,11.761904,2,3,High
?,1120,Yes,No,Yes,No,Yes,No,24,2.15,71,0.985915,0.014084,0,9.253521,5,8,Low
?,1831,Yes,No,Yes,Yes,Yes,No,29,2.6,77,1,0,0,13.311688,0,0,High
?,1763,No,No,Yes,No,Yes,Yes,23,1.62,92,0.967391,0,0,8.5,6,8,Low
?,2748,Yes,No,Yes,No,Yes,Yes,28,1.92,160,0.98125,0,0,11.26875,6,15,Low
?,2952,No,No,Yes,No,Yes,Yes,28,1.67,133,0.954887,0,0,11.067669,4,8,Low
?,1980,Yes,Yes,Yes,Yes,Yes,No,32,3.21,80,0.95,0,0,11.775,6,12,High
?,1238,Yes,No,Yes,Yes,Yes,No,29,2.88,55,0.981818,0,0.018181,10.618181,3,1,High
?,1600,No,No,Yes,Yes,Yes,No,25,2.05,82,0.963414,0.012195,0,9.768292,1,13,Low
?,1676,No,No,Yes,Yes,Yes,No,30,2.05,78,0.987179,0.01282,0,10.75641,0,1,Low
?,1263,Yes,No,Yes,No,Yes,No,26,1.75,73,0.876712,0,0,7.232876,21,14,Low
?,1482,Yes,No,Yes,No,Yes,No,26,1.98,80,0.9125,0,0,6.775,16,11,Low
?,2203,Yes,Yes,Yes,Yes,Yes,No,32,3.43,85,1,0,0,14.035294,2,5,High
?,1675,No,No,Yes,No,Yes,No,25,1.79,91,0.978021,0,0,7.923076,4,15,Low
?,1007,No,No,Yes,Yes,Yes,No,31,2.81,46,0.956521,0,0,11.869565,2,4,High
?,1973,Yes,No,Yes,No,Yes,No,28,2.26,101,0.960396,0,0,8.980198,10,15,Low
?,1841,Yes,Yes,Yes,Yes,Yes,No,30,3.14,79,0.987341,0,0,12.037974,1,4,High
?,1515,No,No,Yes,No,Yes,No,23,1.68,85,0.964705,0,0,9.635294,8,6,Low
?,1493,No,No,Yes,Yes,Yes,No,27,2.77,70,0.971428,0,0,13.742857,2,2,High
?,949,Yes,No,Yes,No,Yes,No,23,2.57,55,0.981818,0,0,7.745454,0,10,Low
?,1742,No,No,Yes,No,Yes,No,23,2.03,101,0.980198,0,0,9.326732,5,13,Low
?,2114,Yes,No,Yes,No,Yes,Yes,27,1.64,115,0.973913,0,0,6.886956,9,13,Low
D,310,No,No,Yes,No,Yes,No,25,2.42,15,0.333333,0.066666,0,5.066666,3,3,Low
D,246,No,No,Yes,No,Yes,No,24,2.44,13,0.76923,0,0,5.538461,0,3,High
D,378,No,No,Yes,Yes,Yes,No,23,2.65,25,0.6,0,0,4.08,4,5,High
D,310,Yes,No,No,No,Yes,No,27,3.37,13,0.615384,0.076923,0,5.615384,1,0,High
?,550,No,No,Yes,No,Yes,No,29,2.08,27,0.925925,0.037037,0,8.74074,6,0,Low
?,741,No,No,Yes,Yes,Yes,No,31,3.31,31,1,0,0,13.32258,3,1,High
?,926,No,No,Yes,No,Yes,No,31,1.97,36,0.666666,0.027777,0,7.555555,9,2,Low
?,1052,No,No,Yes,No,Yes,No,28,1.98,49,0.979591,0,0,15.918367,0,0,Low
?,1502,Yes,No,Yes,No,Yes,No,25,1.85,78,0.75641,0.01282,0,9.653846,11,9,Low
?,682,No,No,Yes,Yes,Yes,No,28,2.94,32,0.875,0.03125,0,14.125,2,2,High
?,580,No,No,Yes,Yes,Yes,No,31,2.52,27,1,0,0,14.481481,1,0,High
?,1046,No,Yes,Yes,No,Yes,No,33,2.68,39,0.974358,0.025641,0,16.564102,2,1,High
?,1493,No,No,Yes,No,Yes,No,25,1.74,68,0.955882,0.029411,0,17.014705,2,4,Low
?,1494,No,No,Yes,No,Yes,No,34,1.82,54,0.944444,0.018518,0,12.296296,4,4,Low
?,1540,No,No,Yes,No,Yes,No,33,1.98,61,0.967213,0.016393,0,15.459016,0,2,Low
?,1712,No,No,Yes,No,Yes,No,25,2.24,74,0.945945,0.04054,0,15.662162,6,2,Low
?,1073,No,No,Yes,No,Yes,No,25,1.78,49,0.959183,0.040816,0,18.489795,2,5,Low
?,1016,No,No,Yes,No,Yes,No,29,1.66,52,1,0,0,16.980769,1,0,Low
?,1030,No,Yes,Yes,No,Yes,No,30,1.72,52,1,0,0,16.403846,0,1,Low
?,513,No,No,Yes,Yes,Yes,No,31,2.85,20,1,0,0,14.55,0,2,High
?,867,No,No,Yes,No,Yes,No,29,2.2,38,0.947368,0.052631,0,7.947368,5,4,Low
?,1047,No,No,Yes,No,Yes,No,36,2.28,45,0.911111,0.066666,0,9.555555,3,6,Low
?,1021,No,No,Yes,No,Yes,No,32,2.02,43,0.930232,0.046511,0,7.697674,5,1,Low
?,496,No,No,Yes,Yes,Yes,No,32,2.68,24,0.875,0.083333,0,14.083333,1,3,Low
?,610,No,Yes,Yes,Yes,Yes,No,34,3.15,24,0.958333,0,0,10.458333,4,1,High
?,752,Yes,No,Yes,Yes,Yes,No,28,2.43,38,0.947368,0,0,10.105263,1,2,Low
?,759,Yes,No,Yes,No,Yes,No,27,2.22,41,0.975609,0,0,11.07317,0,3,Low
?,728,No,No,Yes,No,Yes,No,29,2.36,36,0.888888,0,0,13.583333,0,1,Low
?,882,Yes,No,Yes,No,Yes,No,28,2.03,47,0.914893,0.042553,0,10.234042,3,5,Low
?,932,Yes,No,Yes,No,Yes,No,30,2.37,46,0.956521,0.021739,0,15.73913,0,1,Low
?,944,No,Yes,No,Yes,No,No,31,4.46,40,0.95,0,0,12.55,1,2,High
?,916,No,Yes,No,Yes,No,No,29,4.1,42,1,0,0,10.666666,1,3,High
?,921,No,Yes,No,Yes,No,No,31,4.38,36,0.944444,0.027777,0,9,2,3,High
?,565,Yes,No,Yes,No,Yes,No,27,1.98,27,1,0,0,10.592592,0,2,Low
D,152,No,No,No,Yes,No,No,28,3.92,7,1,0,0,8.857142,0,0,High
?,485,No,No,Yes,No,Yes,No,26,2.13,28,0.892857,0,0.035714,13.642857,1,0,Low
?,577,Yes,No,Yes,No,Yes,No,30,2.48,29,0.931034,0.034482,0,13.827586,2,0,Low
?,570,Yes,No,Yes,No,Yes,No,30,2.76,33,0.969696,0.030303,0,16.272727,0,0,Low
?,725,No,No,Yes,No,Yes,No,31,1.94,36,0.972222,0,0,18.75,1,0,Low
?,757,No,No,Yes,No,Yes,No,31,1.96,39,0.948717,0.025641,0,11.333333,1,5,Low
?,810,No,No,Yes,No,Yes,No,32,1.82,38,0.973684,0,0,13.18421,4,2,Low
?,697,No,No,Yes,No,Yes,No,30,1.82,38,0.868421,0.052631,0,12.605263,2,3,Low
?,491,No,No,Yes,No,Yes,No,30,2.24,29,0.931034,0.034482,0,14.137931,1,1,Low
?,895,No,No,Yes,Yes,Yes,No,32,3.22,37,1,0,0,18.243243,0,2,High
?,711,No,Yes,Yes,No,Yes,No,27,1.94,32,1,0,0,13.84375,2,3,High
?,771,No,Yes,No,Yes,No,No,28,4.36,34,1,0,0,17.411764,1,2,High
?,956,No,No,Yes,Yes,Yes,No,27,3.2,47,0.978723,0,0,17.319148,1,0,High
?,1145,No,Yes,Yes,Yes,Yes,No,30,4.05,52,0.961538,0.01923,0,13.096153,1,1,High
?,978,No,Yes,Yes,Yes,No,No,30,4.18,42,1,0,0,17.785714,0,1,High
?,829,No,No,Yes,No,Yes,No,32,1.6,34,1,0,0,13.764705,0,2,Low
?,872,No,Yes,Yes,Yes,Yes,No,27,3.27,38,0.973684,0.026315,0,10.131578,2,3,High
?,781,No,Yes,Yes,Yes,No,No,32,3.83,30,0.866666,0.033333,0,10.366666,2,3,High
?,681,No,Yes,Yes,No,Yes,No,32,3.4,25,1,0,0,11.6,2,0,High
?,751,No,Yes,No,Yes,No,No,33,3.88,26,0.961538,0,0,13.26923,0,0,High
?,594,No,Yes,Yes,Yes,Yes,No,30,3.75,25,0.96,0,0,10.44,1,2,High
?,717,No,Yes,Yes,Yes,Yes,No,33,3.49,28,0.964285,0.035714,0,10.25,3,1,High
?,744,No,Yes,Yes,Yes,Yes,No,31,3.11,31,1,0,0,9.935483,0,1,High
?,686,No,Yes,No,Yes,No,No,32,3.97,27,1,0,0,11.518518,0,2,High
?,568,No,Yes,Yes,Yes,Yes,No,33,3.21,24,1,0,0,8.75,1,1,High
?,647,No,No,Yes,No,Yes,No,27,2.43,25,1,0,0,9,0,3,High
?,205,No,No,Yes,No,Yes,No,27,2.3,11,1,0,0,6.636363,1,3,High
?,693,No,No,Yes,No,Yes,No,29,2.71,33,0.939393,0,0,12.969696,5,1,High
?,914,No,Yes,Yes,No,Yes,No,29,2.65,43,0.953488,0,0,13.255813,4,0,Low
?,812,No,No,Yes,Yes,Yes,No,25,3.06,43,0.976744,0,0,14.488372,0,0,High
?,920,Yes,No,Yes,Yes,Yes,No,29,3.14,41,0.951219,0.04878,0,16.341463,0,0,High
?,946,No,No,Yes,No,Yes,No,32,2.05,43,1,0,0,14.627906,1,1,Low
?,1213,No,No,Yes,No,Yes,No,31,2.24,55,0.963636,0,0,10.6,8,6,Low
?,1354,No,Yes,Yes,Yes,No,No,30,3.85,60,0.95,0,0,11.25,3,2,High
?,949,No,Yes,Yes,Yes,No,No,30,3.82,43,0.976744,0,0,12.534883,1,2,High
?,1183,No,No,Yes,Yes,Yes,No,30,3.47,51,0.921568,0,0,13.313725,1,3,High
?,986,No,No,Yes,Yes,Yes,No,30,3.33,44,1,0,0,16.75,0,3,High
?,1264,No,No,Yes,Yes,Yes,No,31,3.15,55,1,0,0,9.763636,2,5,High
?,1204,Yes,No,Yes,Yes,Yes,No,29,3.03,57,0.964912,0.052631,0,11.315789,0,7,High
?,514,No,No,Yes,Yes,Yes,No,30,1.8,23,1,0,0,18.652173,0,0,Low
?,839,Yes,No,Yes,Yes,Yes,No,31,3.06,37,1,0,0,12.837837,3,5,High
?,730,No,No,Yes,No,Yes,No,27,1.66,33,0.787878,0.060606,0,7.545454,1,9,Low
?,559,Yes,No,Yes,No,Yes,No,28,2.21,31,0.677419,0.064516,0,12.032258,2,4,Low
?,377,Yes,No,Yes,No,Yes,No,21,2.18,25,0.84,0.04,0.04,10.8,2,2,Low
?,908,No,No,Yes,No,Yes,No,29,1.67,45,0.866666,0.044444,0,13.577777,5,0,Low
?,433,Yes,No,Yes,No,Yes,No,30,1.93,25,0.84,0.04,0,8.08,3,2,Low
?,1117,Yes,No,Yes,No,Yes,No,30,1.69,54,0.925925,0.018518,0,11.703703,3,5,Low
?,520,Yes,No,Yes,No,Yes,No,30,2,29,0.827586,0.068965,0,10.551724,1,1,Low
?,1175,Yes,No,Yes,No,Yes,No,29,1.8,47,0.829787,0.021276,0,10.93617,2,1,Low
?,?,?,?,?,?,?,No,3,1.8,1,1,0,0,9,0,0,?
?,421,No,No,Yes,No,Yes,No,20,2.43,22,1,0,0,11.727272,1,0,Low
?,581,No,Yes,Yes,No,Yes,No,22,2.51,28,0.964285,0,0,9.428571,3,1,High
?,620,No,No,Yes,No,Yes,No,25,2.44,28,1,0,0,8.964285,3,1,High
?,349,No,No,Yes,No,Yes,No,20,1.77,19,0.894736,0,0,9.157894,3,2,High
?,503,No,No,Yes,No,Yes,No,24,1.78,25,1,0,0,13.04,1,1,High
?,465,No,No,Yes,No,Yes,No,16,1.7,24,1,0,0,14.541666,0,0,Low
?,893,No,Yes,Yes,No,Yes,No,30,2.92,40,0.975,0.125,0.125,16.3,1,1,High
?,784,No,No,Yes,No,Yes,No,29,1.85,35,1,0.028571,0.114285,15.028571,3,1,Low
?,558,No,No,Yes,No,Yes,No,30,2.44,24,0.875,0.208333,0.291666,13.791666,1,5,Low
?,1431,No,Yes,Yes,Yes,Yes,No,32,3.9,55,1,0,0,16.10909,0,3,High
?,1231,No,Yes,Yes,Yes,Yes,No,31,3.99,49,0.959183,0,0,14.77551,0,4,High
?,1089,No,Yes,Yes,No,Yes,No,30,3.79,43,0.930232,0,0,21.511627,1,3,High
?,1202,No,Yes,Yes,No,Yes,No,29,2.87,54,0.981481,0,0,12.425925,0,2,High
?,426,No,No,Yes,Yes,Yes,No,29,3.21,18,0.944444,0,0,11.666666,1,0,Low
?,1259,No,Yes,Yes,Yes,No,No,30,4.48,55,0.981818,0,0,15.363636,2,3,High
?,786,No,No,Yes,Yes,Yes,No,28,3.36,40,1,0,0,14.175,1,2,High
?,834,No,No,Yes,Yes,Yes,No,29,3.85,36,0.972222,0,0,14.611111,1,0,High
D,316,No,No,Yes,Yes,No,No,26,3.98,15,0.8,0,0,5.066666,3,2,High
D,55,No,No,No,No,Yes,No,15,2.48,3,1,0,0,4,2,0,Low
?,?,?,?,?,?,?,No,?,2,1,1,0,0,4,0,0,?
?,197,No,No,Yes,Yes,Yes,No,?,2.05,8,1,0,0,12.375,0,1,High
?,200,No,No,No,Yes,Yes,No,?,3.25,12,0.916666,0,0,11.5,2,0,Low
?,347,No,No,Yes,Yes,Yes,No,25,2.3,21,0.857142,0.142857,0,9.285714,2,1,Low
?,764,No,No,Yes,No,Yes,No,32,2.02,36,0.944444,0,0,10.138888,5,3,Low
?,881,No,No,Yes,Yes,Yes,No,30,2.14,41,0.975609,0,0,13.219512,4,3,High
?,628,No,No,Yes,No,Yes,No,25,1.57,39,0.897435,0.051282,0,10.820512,3,5,Low
?,306,No,No,Yes,Yes,Yes,No,31,3.06,13,1,0,0,7.307692,0,2,High
?,?,?,?,?,?,?,?,?,?,1,1,0,0,32,0,0,?
?,?,?,?,?,?,?,No,?,2.5,1,1,0,0,29,0,0,?
?,581,No,No,No,Yes,No,No,27,4.02,34,0.970588,0,0,11.529411,2,2,High
?,420,No,No,No,Yes,No,No,20,4.48,35,1,0,0,14.057142,2,1,High
?,497,No,No,Yes,Yes,No,No,23,4.28,29,1,0.068965,0,12.620689,0,0,High
?,685,No,No,No,Yes,No,No,24,4.5,38,1,0,0,15.526315,1,0,High
?,531,No,No,Yes,Yes,Yes,No,29,3.2,25,1,0,0,10.28,1,2,High
?,503,No,No,Yes,Yes,Yes,No,30,3.21,24,1,0,0,8.083333,0,3,High
?,642,No,No,No,Yes,No,No,28,3.86,31,1,0,0,16.032258,0,2,High
?,356,No,No,No,Yes,No,No,21,4.51,26,1,0,0,15.153846,0,0,High
?,798,No,No,Yes,Yes,Yes,No,26,2.63,43,0.930232,0,0,9.906976,5,0,Low
?,25,No,No,No,No,No,No,18,2.79,5,1,0,0,11.2,0,1,Low
?,555,No,No,No,Yes,No,No,26,3.89,34,0.970588,0,0,12.5,0,1,High
?,248,No,No,No,Yes,Yes,No,24,3.06,13,0.923076,0,0,11.692307,0,0,High
?,?,?,?,?,?,?,No,?,2.57,1,1,0,0,28,0,0,?
?,390,No,No,Yes,Yes,Yes,No,23,2.66,26,1,0,0.038461,17.884615,2,1,Low
?,?,?,?,?,?,?,No,?,2.63,1,0,0,0,26,0,0,?
?,589,No,No,Yes,Yes,Yes,No,27,2.41,30,1,0.033333,0,17.366666,1,0,Low
?,333,No,No,Yes,Yes,Yes,No,26,2.15,21,0.95238,0,0,17.238095,1,1,Low
?,323,No,No,Yes,Yes,Yes,No,23,2.57,19,1,0,0,13.842105,1,1,Low
?,?,?,?,?,?,?,?,?,2.67,1,1,0,0,32,0,0,?
?,55,No,No,No,No,No,No,20,2.65,2,1,0,0,2.5,1,0,Low
?,11,No,No,No,No,No,?,?,2.25,1,1,0,0,15,0,0,?
?,?,?,?,?,?,?,?,?,1,1,1,0,0,17,0,0,?
?,621,No,No,Yes,Yes,Yes,No,26,2.27,34,0.970588,0.029411,0,12.67647,0,1,Low
?,157,No,No,Yes,Yes,Yes,No,22,3.07,10,0.9,0.1,0,14.5,0,2,High
?,500,No,No,Yes,Yes,Yes,No,25,2.43,26,0.961538,0,0.038461,15.5,1,1,High
?,757,No,Yes,Yes,No,Yes,No,24,1.72,36,0.972222,0.027777,0,15.166666,1,2,Low
?,1267,No,No,Yes,Yes,Yes,Yes,26,2.47,65,0.923076,0.030769,0,12.830769,1,0,Low
?,678,No,No,Yes,Yes,Yes,No,28,2.28,34,1,0,0,15.67647,2,4,Low
?,858,No,Yes,Yes,Yes,Yes,No,29,2.59,37,0.972972,0,0,15.324324,2,2,Low
?,824,No,Yes,Yes,No,Yes,No,27,1.61,36,0.972222,0,0,12.972222,2,1,Low
?,862,No,Yes,Yes,Yes,Yes,No,27,3.19,36,1,0,0,19.055555,0,2,High
?,238,No,No,Yes,No,Yes,No,25,1.64,13,1,0,0.076923,15.76923,0,0,Low
?,702,No,Yes,Yes,Yes,Yes,No,25,2.17,40,0.975,0,0,10.025,2,3,Low
?,543,No,No,Yes,No,Yes,No,30,1.79,26,1,0,0,10.653846,0,2,High
?,379,No,No,Yes,Yes,Yes,No,27,2.07,19,0.947368,0.052631,0.052631,15.842105,1,0,Low
?,107,No,No,Yes,No,Yes,No,?,2.21,7,0.857142,0.285714,0.142857,7.285714,0,2,Low
?,484,No,No,Yes,Yes,Yes,No,23,2.04,29,0.965517,0,0,10.689655,2,0,Low
?,122,No,No,Yes,No,Yes,?,?,1.78,5,1,0,0,17,0,0,Low
?,191,No,No,No,Yes,Yes,No,23,2.93,10,1,0,0,13.1,0,0,High
?,?,?,?,?,?,?,?,?,1.57,1,1,0,0,16,0,0,?
?,224,No,No,Yes,Yes,Yes,No,22,2.6,14,1,0,0,14.571428,0,1,High
?,478,No,No,No,Yes,No,No,24,3.95,34,1,0,0,16.735294,0,0,High
?,725,No,No,Yes,No,Yes,No,31,1.89,37,0.864864,0.135135,0,9.162162,6,3,Low
?,678,No,No,Yes,No,Yes,No,23,1.91,38,0.921052,0.026315,0.026315,13.105263,3,4,Low
?,?,?,?,?,?,?,No,10,1.93,1,1,0,0,3,0,0,?
?,546,No,No,Yes,Yes,Yes,No,29,2.52,28,1,0.035714,0,5.142857,5,4,High
?,563,No,No,Yes,No,Yes,No,27,2.23,29,0.965517,0.068965,0,3.551724,14,6,Low
?,369,No,No,No,Yes,No,No,21,4.01,24,1,0,0,12.541666,0,1,High
?,?,?,?,?,?,?,?,?,1.68,1,1,0,0,16,0,0,?
?,768,No,No,Yes,No,Yes,No,26,1.71,37,0.945945,0.027027,0,9.027027,7,6,Low
?,922,No,No,Yes,Yes,Yes,No,29,2.26,41,0.926829,0.02439,0,12.902439,6,1,Low
?,1029,No,No,Yes,No,Yes,No,27,2.32,48,0.958333,0.0625,0.020833,10.416666,5,1,Low
?,860,No,No,Yes,No,Yes,No,23,1.72,51,0.960784,0.058823,0,8.90196,5,0,Low
?,973,No,No,Yes,Yes,Yes,No,31,2.28,41,1,0,0,17.463414,0,0,Low
?,306,No,No,Yes,Yes,No,No,26,3.7,14,0.928571,0.071428,0,12.428571,2,1,High
?,323,No,No,No,Yes,No,No,26,4.29,16,0.9375,0.0625,0,14.0625,2,1,High
?,628,No,No,Yes,Yes,Yes,No,30,1.79,30,0.9,0.033333,0.033333,11.733333,2,2,Low
?,608,No,No,Yes,No,Yes,No,27,2.01,29,0.793103,0,0,9.137931,2,4,Low
?,616,No,No,Yes,No,Yes,No,30,2.11,29,0.965517,0.034482,0,16.310344,0,0,Low
?,764,No,No,Yes,Yes,Yes,No,27,2.46,41,1,0.02439,0,10.804878,0,5,Low
?,986,No,No,Yes,Yes,Yes,No,30,2.49,50,1,0,0,17.64,0,5,High
?,723,No,No,Yes,Yes,Yes,No,25,2.58,43,1,0.023255,0,17.813953,1,4,High
Y,336,No,No,Yes,Yes,Yes,No,24,3.59,19,1,0,0,10.052631,0,0,High
?,790,No,No,Yes,Yes,Yes,No,27,3.03,37,1,0,0,8.837837,0,7,High
?,?,?,?,?,?,?,No,8,2.71,1,1,0,0,18,0,0,?
?,299,No,No,Yes,Yes,Yes,No,25,2.86,23,1,0,0,12,1,2,High
?,480,No,No,No,Yes,Yes,No,32,2.98,25,1,0,0,13.36,1,0,High
?,?,?,?,?,?,?,?,?,2,1,1,0,0,16,0,0,?
?,406,No,No,No,Yes,No,No,29,3.61,24,1,0,0,19.5,1,0,High
?,?,?,?,?,?,?,?,?,2.75,1,1,0,0,8,0,0,?
?,?,?,?,?,?,?,No,4,2.5,1,1,0,0,3,0,0,?
?,627,No,No,No,Yes,Yes,No,23,3.62,32,1,0,0,19.96875,1,0,High
?,?,?,?,?,?,?,?,?,2.75,1,1,0,0,9,0,0,?
?,317,No,No,No,Yes,Yes,No,30,3.57,14,1,0,0,19.071428,0,0,High
?,?,?,?,?,?,?,?,?,2.67,1,1,0,0,8,0,0,?
?,?,?,?,?,?,?,?,?,2.71,1,1,0,0,1,1,0,?
?,1153,No,No,Yes,Yes,Yes,No,33,2.4,47,0.978723,0,0,10.93617,1,4,Low
?,1251,No,No,Yes,Yes,Yes,No,32,2.28,57,1,0,0,12.070175,0,1,Low
?,947,No,No,Yes,Yes,Yes,No,33,2.54,44,0.977272,0,0,10.5,1,3,Low
?,1376,No,No,Yes,No,Yes,No,26,2.1,70,0.942857,0.014285,0,9.514285,2,3,Low
?,1576,No,No,Yes,No,Yes,No,27,1.83,77,0.974025,0,0,10.480519,2,5,Low
?,1204,No,Yes,Yes,Yes,Yes,No,33,3.3,45,1,0,0,11.511111,1,1,High
?,1213,No,No,Yes,Yes,Yes,No,31,2.19,54,0.962962,0,0,13.611111,0,1,Low
?,1052,No,Yes,Yes,Yes,Yes,No,33,3.52,40,0.975,0,0,10.875,2,3,High
?,925,No,Yes,Yes,Yes,Yes,No,34,3.65,36,1,0,0,13.888888,0,2,High
?,1080,No,Yes,Yes,Yes,Yes,No,28,2.51,46,1,0,0,12.652173,3,3,High
?,486,No,No,Yes,Yes,Yes,No,30,4.5,23,1,0,0.086956,14.695652,0,0,High
?,952,No,No,Yes,Yes,No,No,31,4,41,0.951219,0.09756,0.09756,10.487804,1,1,High
?,372,No,No,No,Yes,No,No,29,4,16,1,0,0.0625,14.8125,0,0,High
?,267,No,No,Yes,Yes,Yes,No,26,2.2,14,1,0,0.071428,9.928571,4,1,High
?,1359,No,No,Yes,Yes,Yes,No,28,2,64,1,0.015625,0.109375,11.78125,4,6,High
?,1383,No,No,Yes,Yes,Yes,No,30,3.44,58,0.982758,0.034482,0.086206,15.844827,0,1,High
?,973,No,No,Yes,Yes,Yes,No,31,3.33,41,1,0.02439,0.121951,11.634146,4,1,High
?,1571,No,Yes,Yes,Yes,Yes,No,32,3.29,64,0.953125,0.078125,0.0625,13.015625,0,0,High
?,1019,No,Yes,Yes,Yes,Yes,No,31,4,43,0.976744,0,0.139534,12.069767,3,2,High
?,742,No,No,Yes,Yes,Yes,No,30,3,33,1,0.030303,0.090909,13.60606,3,2,High
?,1183,No,Yes,Yes,Yes,Yes,No,30,?,47,0.978723,0.042553,0.085106,13.063829,2,2,High
?,1255,No,No,No,Yes,No,No,30,4.2,53,1,0,0.018867,12.886792,3,1,High
?,780,No,Yes,No,Yes,No,No,30,3.7,29,1,0,0,10.655172,2,5,High
?,499,No,No,Yes,Yes,No,No,26,3.4,22,1,0,0,9.136363,3,1,High
?,799,No,Yes,Yes,Yes,Yes,No,28,3.52,32,1,0,0,11.875,5,1,High
?,911,No,No,Yes,Yes,Yes,No,31,3.01,40,1,0,0,12.975,0,1,High
?,833,No,No,Yes,Yes,Yes,No,31,2.12,40,0.975,0,0,9.75,2,3,Low
?,974,No,Yes,Yes,Yes,Yes,No,30,3.68,37,1,0,0,13.378378,0,1,High
?,825,No,Yes,Yes,No,Yes,No,28,2.25,33,1,0,0,12.757575,1,0,High
?,695,No,Yes,Yes,No,Yes,No,27,2.6,28,1,0,0,10.25,1,0,High
?,682,No,Yes,Yes,Yes,Yes,No,30,3.4,27,1,0,0,14.592592,1,2,High
?,636,No,No,Yes,No,Yes,No,26,2.23,27,0.962962,0.037037,0,14.666666,0,1,High
?,813,No,Yes,Yes,No,Yes,No,26,2.21,36,1,0,0,10.388888,1,1,High
?,584,No,Yes,Yes,Yes,Yes,No,29,2.95,25,1,0,0,12.76,1,2,High
?,863,No,No,Yes,No,Yes,No,27,1.86,36,0.972222,0,0,10.527777,3,3,High
?,581,No,Yes,Yes,Yes,Yes,No,29,2.59,23,1,0,0,12.521739,0,1,High
?,706,No,Yes,Yes,No,Yes,No,28,2.89,27,1,0,0,13.222222,0,1,High
?,822,No,Yes,Yes,No,Yes,No,26,2.34,37,0.972972,0.027027,0,10.459459,1,3,High
?,1113,No,No,Yes,Yes,Yes,No,29,3.6,40,1,0,0,13.15,0,1,High
?,1206,No,No,Yes,Yes,No,No,26,3.89,47,1,0,0,10.723404,4,3,High
?,649,No,No,No,Yes,No,No,28,4.13,33,1,0,0,14.060606,1,0,High
?,898,No,No,Yes,Yes,Yes,No,29,2.44,35,0.971428,0,0,12.714285,1,2,Low
?,893,No,No,Yes,Yes,Yes,No,30,2.19,36,0.944444,0,0.027777,12.083333,1,3,Low
?,594,No,No,Yes,Yes,Yes,No,33,2.19,27,1,0,0,12.037037,2,3,High
?,1062,No,No,Yes,Yes,Yes,No,33,3.13,42,1,0,0,14.333333,1,0,High
?,843,No,No,Yes,Yes,Yes,No,31,3.36,32,1,0,0,16.875,1,0,High
?,803,No,No,Yes,Yes,Yes,No,31,3.23,34,1,0,0,11.852941,0,1,High
?,715,No,No,Yes,Yes,Yes,No,30,3.35,30,1,0,0,13.533333,2,3,High
?,747,No,Yes,Yes,Yes,Yes,No,31,2.55,30,1,0,0,15.1,0,0,High
?,1074,No,Yes,Yes,Yes,Yes,No,36,3.18,39,0.948717,0.025641,0,10.282051,6,2,High
?,694,No,No,Yes,No,Yes,No,27,1.91,40,0.95,0.05,0,7.275,6,4,Low
?,639,No,No,Yes,Yes,Yes,No,29,1.83,34,0.970588,0,0,8.558823,3,5,Low
D,976,No,No,Yes,Yes,Yes,No,30,2.56,46,0.97826,0,0,12.282608,6,2,High
Y,1090,No,Yes,Yes,Yes,Yes,No,31,3.81,45,0.933333,0.022222,0,10.022222,10,4,High
?,416,No,No,Yes,No,Yes,No,24,2.03,22,1,0,0,7.727272,1,4,Low
?,709,No,No,Yes,Yes,Yes,No,32,3.37,30,1,0,0,15,2,0,High
?,1000,No,Yes,Yes,Yes,Yes,No,31,2.76,42,1,0,0,15.666666,0,2,High
?,838,No,Yes,Yes,Yes,Yes,No,34,3.79,34,0.941176,0.029411,0,9.441176,4,1,High
?,823,No,No,Yes,Yes,Yes,No,27,3.64,35,1,0,0,18.257142,2,0,High
?,759,No,No,Yes,No,Yes,No,31,1.45,41,1,0.04878,0,13.926829,1,2,Low
?,1289,No,No,Yes,No,Yes,No,31,1.39,57,1,0.052631,0,13.45614,3,6,Low
?,1598,No,No,Yes,No,Yes,No,36,1.37,66,0.984848,0.015151,0,13.333333,5,1,Low
?,1418,No,No,Yes,No,Yes,No,36,1.82,61,0.983606,0.032786,0,16.52459,4,1,Low
?,1062,No,No,Yes,No,Yes,No,30,1.35,57,0.859649,0.087719,0,11.122807,2,5,Low
?,1270,No,No,Yes,No,Yes,No,27,1.38,61,0.950819,0.032786,0,12.803278,5,4,Low
?,1254,No,Yes,Yes,No,Yes,No,34,2.42,41,1,0.04878,0,16.07317,1,1,High
?,1417,No,No,Yes,No,Yes,No,37,1.55,47,0.957446,0.085106,0,14.510638,3,1,Low
?,1407,No,No,Yes,No,Yes,No,35,1.78,50,0.98,0.02,0,16.46,1,2,High
?,765,No,Yes,Yes,No,Yes,No,27,2.23,37,0.972972,0,0,13.891891,0,3,High
?,925,No,Yes,Yes,No,Yes,No,29,2.28,42,1,0.047619,0,12.047619,4,1,High
?,1077,No,No,Yes,Yes,Yes,No,31,3.88,46,1,0,0,14.23913,3,1,High
?,1025,No,No,Yes,Yes,Yes,No,29,3.42,46,1,0,0,17.152173,0,1,High
?,1310,No,No,Yes,Yes,Yes,No,31,3.67,58,1,0,0,16.448275,1,1,High
?,1636,No,Yes,Yes,Yes,Yes,No,32,3.9,66,1,0,0,18.954545,0,1,High
?,862,No,No,Yes,Yes,Yes,No,30,2.93,36,1,0,0,11.888888,0,2,High
?,857,No,No,Yes,Yes,Yes,No,32,2.34,34,1,0,0,10.705882,0,2,High
?,945,No,No,Yes,Yes,Yes,No,33,3.9,37,0.945945,0.027027,0,10.648648,3,4,High
?,690,No,No,Yes,No,Yes,No,30,1.8,33,0.969696,0,0,8.30303,0,4,Low
?,1348,No,Yes,Yes,Yes,Yes,No,33,3.95,48,1,0,0,12.395833,1,2,High
?,781,No,Yes,No,Yes,No,No,32,?,32,1,0,0,17.5625,1,1,High
?,656,No,Yes,No,Yes,No,No,31,?,28,1,0,0,25.357142,0,0,High
?,670,No,Yes,No,Yes,No,No,32,5,28,1,0,0,15.25,1,2,High
?,967,No,Yes,No,Yes,No,No,32,?,36,1,0,0,17.166666,1,2,High
?,543,No,Yes,No,Yes,No,No,32,?,24,1,0,0,10.791666,1,1,High
?,978,No,No,Yes,Yes,Yes,No,30,3.77,40,1,0,0,14.975,0,1,High
?,1249,No,Yes,Yes,Yes,Yes,No,32,3.97,50,1,0,0,16.24,0,4,High
?,619,No,No,Yes,Yes,Yes,No,25,3.35,32,1,0,0,20.46875,0,0,High
?,?,?,?,?,?,?,?,?,1.33,1,1,0,0,28,0,0,?
?,638,No,No,Yes,Yes,Yes,No,29,3.35,31,1,0,0,9.129032,2,3,High
?,955,No,No,Yes,Yes,Yes,No,29,3.43,43,1,0.023255,0,12.813953,0,1,High
?,951,No,No,Yes,Yes,Yes,No,29,3.7,44,0.954545,0,0,13.204545,1,1,High
?,515,No,No,No,Yes,No,No,31,4.14,24,0.958333,0,0,16.666666,1,1,High
?,540,No,No,No,Yes,No,No,31,3.86,21,1,0,0,15.333333,0,0,High
?,227,No,No,No,Yes,Yes,No,27,3.02,10,1,0,0,16.4,1,1,High
?,673,No,No,No,Yes,No,No,30,3.52,32,1,0,0,15.1875,0,2,High
?,549,No,No,No,Yes,Yes,No,29,3.43,25,1,0.04,0,16.44,0,0,High
?,1077,No,No,Yes,Yes,Yes,No,31,3.39,43,1,0.023255,0,14,5,1,High
?,889,No,No,Yes,Yes,Yes,No,30,3.42,40,1,0,0,9.375,2,0,High
?,535,No,No,Yes,Yes,Yes,No,20,3.5,32,1,0,0,14.75,0,0,High
?,263,No,No,Yes,Yes,Yes,No,21,2.96,21,1,0,0,12.95238,1,0,High
?,777,No,No,Yes,Yes,Yes,No,27,3.53,37,0.945945,0,0,7.054054,1,10,High
?,589,No,No,Yes,Yes,Yes,No,31,2.98,30,0.966666,0,0,10.566666,0,0,High
?,770,No,No,Yes,Yes,Yes,No,32,3.55,37,1,0,0,15.405405,0,1,High
?,838,No,No,No,Yes,No,No,33,3.89,42,1,0,0,16.238095,1,0,High
?,11,No,No,No,No,No,?,?,2.11,3,1,0,0,20,0,0,Low
?,1030,No,No,Yes,Yes,Yes,No,31,2.09,44,0.954545,0,0,11.272727,3,2,High
?,936,No,No,Yes,No,Yes,No,26,1.59,48,0.895833,0.083333,0,9.1875,8,5,Low
?,992,No,No,Yes,Yes,Yes,No,32,1.89,43,0.930232,0,0,11.488372,0,4,Low
?,1230,Yes,No,Yes,Yes,Yes,No,31,2.7,55,0.981818,0.018181,0,13.781818,3,2,High
?,670,No,No,Yes,Yes,Yes,No,?,2.04,37,1,0,0,10.864864,1,3,Low
?,640,No,No,Yes,Yes,Yes,No,26,2.07,35,0.914285,0.028571,0.057142,10.742857,1,3,Low
?,863,No,No,Yes,Yes,Yes,No,27,2.54,40,1,0,0,8.175,0,2,High
?,882,No,No,Yes,Yes,Yes,No,29,2.8,37,0.972972,0,0,9.135135,3,3,High
?,831,No,No,Yes,Yes,Yes,No,31,2.91,37,1,0,0,7.972972,1,2,High
?,1435,Yes,Yes,Yes,Yes,Yes,Yes,32,2.96,58,1,0,0,8.155172,1,4,High
?,892,No,No,Yes,Yes,Yes,No,28,2.21,42,1,0,0,12.357142,0,2,Low
?,1154,No,No,Yes,Yes,Yes,Yes,33,3.21,47,1,0,0,13.574468,0,2,High
?,1296,No,No,Yes,Yes,Yes,No,32,2.57,53,1,0,0,13.886792,0,1,Low
?,743,No,No,Yes,Yes,Yes,No,34,2.91,31,1,0,0,12.354838,1,2,High
?,1616,Yes,Yes,Yes,Yes,Yes,Yes,32,3.19,65,0.984615,0,0,11.661538,1,3,High
?,1250,No,No,Yes,Yes,Yes,No,32,2.83,56,0.946428,0.035714,0,12.75,2,1,High
Y,1182,No,No,Yes,Yes,Yes,No,30,3.06,49,1,0.081632,0,16.673469,0,2,High
?,758,No,No,Yes,No,Yes,No,29,1.57,42,0.880952,0.071428,0.047619,11.166666,1,3,Low
?,386,No,No,Yes,No,Yes,No,25,1.82,26,0.923076,0.076923,0,16.115384,1,1,Low
?,684,No,No,Yes,Yes,Yes,No,31,2.44,35,0.914285,0.057142,0,12.742857,2,0,Low
?,858,No,No,Yes,No,Yes,No,30,1.99,40,1,0.025,0,17.975,0,1,Low
?,1197,No,No,Yes,Yes,Yes,No,37,3.07,48,1,0.0625,0,13.9375,1,0,High
?,1123,No,No,Yes,Yes,Yes,No,32,2.4,48,0.958333,0.083333,0,10.3125,0,5,Low
?,1166,Yes,No,Yes,Yes,Yes,No,33,2.17,48,0.895833,0.145833,0,7.395833,3,9,Low
?,1032,No,No,Yes,Yes,Yes,No,34,2.28,48,0.9375,0.125,0,10.645833,0,9,Low
?,913,No,No,Yes,Yes,Yes,No,32,2.67,38,0.973684,0.131578,0,14.68421,0,3,Low
?,1043,No,No,Yes,Yes,Yes,No,29,2.44,48,1,0.020833,0,15.520833,1,3,Low
?,800,No,No,Yes,No,Yes,No,28,1.92,42,0.97619,0,0,14.095238,3,0,Low
?,868,No,No,Yes,Yes,Yes,No,27,2.13,46,0.956521,0,0,17.065217,2,0,Low
?,1320,No,No,Yes,Yes,Yes,Yes,27,2.5,60,0.983333,0.05,0,9.516666,0,2,High
?,1375,Yes,No,Yes,Yes,Yes,Yes,27,2.87,58,0.982758,0.017241,0,9.913793,0,4,High
?,1327,Yes,No,Yes,Yes,Yes,No,30,2.8,61,0.983606,0.016393,0,14.065573,2,5,High
?,1163,Yes,No,Yes,Yes,Yes,No,23,2.46,73,0.931506,0.041095,0,12.643835,9,4,Low
?,1166,Yes,No,Yes,No,Yes,No,26,2.09,65,0.8,0.015384,0.030769,9.953846,6,4,Low
?,1400,Yes,No,Yes,No,Yes,No,24,2.12,80,0.9375,0,0,12.225,4,6,Low
?,1246,Yes,No,Yes,Yes,Yes,No,27,2.66,64,0.890625,0.046875,0,13.53125,5,8,Low
?,1181,Yes,No,Yes,Yes,Yes,No,30,2.63,53,0.962264,0,0,13.320754,0,3,Low
?,533,No,No,Yes,Yes,Yes,No,32,2.02,22,1,0.045454,0,8.363636,0,4,High
?,1048,No,No,Yes,Yes,Yes,No,31,1.88,48,1,0.0625,0,11.270833,3,2,Low
?,972,No,No,Yes,Yes,Yes,No,33,2.27,43,0.953488,0.069767,0,15.837209,1,4,Low
?,1492,No,No,Yes,Yes,Yes,No,31,1.86,68,0.941176,0.073529,0,12.117647,1,6,Low
?,1479,No,No,Yes,Yes,Yes,No,32,2.37,59,0.98305,0.033898,0,9.237288,3,3,High
?,?,?,?,?,?,?,No,7,1.43,1,1,0,0,33,0,0,?
?,800,No,No,Yes,Yes,Yes,No,23,1.89,46,0.97826,0.086956,0,8.956521,14,4,Low
?,1232,Yes,No,Yes,No,Yes,No,31,1.87,52,0.923076,0,0,10.846153,5,3,Low
?,677,No,No,Yes,Yes,Yes,No,28,2.11,33,0.878787,0,0,11.575757,2,1,High
?,1101,Yes,No,Yes,Yes,Yes,No,30,2.64,49,0.938775,0,0,14.571428,3,4,High
?,861,No,No,Yes,Yes,Yes,No,28,2.05,45,0.977777,0,0.022222,10.8,3,6,Low
?,736,No,No,Yes,No,Yes,No,30,2.04,32,0.90625,0,0,8.4375,3,1,High
?,1166,No,No,Yes,Yes,Yes,No,29,2.19,53,0.943396,0,0,10.26415,2,5,High
?,1534,Yes,Yes,Yes,Yes,Yes,No,31,3.22,62,0.967741,0,0,14.887096,3,0,High
?,786,No,No,Yes,Yes,Yes,No,33,2.03,33,1,0,0,8.727272,0,5,Low
?,896,No,No,Yes,Yes,Yes,No,31,2.35,45,0.955555,0,0,9.888888,2,3,Low
?,918,No,No,Yes,Yes,Yes,No,29,2.2,46,0.869565,0,0,10.608695,0,4,Low
?,956,No,No,Yes,No,Yes,No,24,1.3,51,0.705882,0.117647,0,8.411764,5,4,Low
?,696,No,No,Yes,No,Yes,No,29,1.62,33,0.575757,0.121212,0.030303,9.090909,8,4,Low
?,724,No,No,Yes,No,Yes,No,22,1.7,45,0.822222,0.044444,0.022222,9.6,4,1,Low
?,555,No,No,Yes,Yes,Yes,No,31,2.27,34,0.970588,0,0,11.970588,0,1,Low
?,745,No,No,Yes,Yes,Yes,No,31,2.46,35,0.942857,0,0,9.657142,2,4,High
?,1070,No,No,Yes,Yes,Yes,No,32,2.71,49,0.959183,0,0,11.530612,2,2,High
?,666,No,No,Yes,Yes,Yes,No,32,2.77,34,0.911764,0.029411,0,14.970588,2,2,High
?,1095,No,No,Yes,Yes,Yes,No,33,3.13,48,0.958333,0,0,10.166666,2,4,High
?,892,No,No,Yes,Yes,Yes,No,32,3.44,39,1,0,0,14.435897,0,0,High
?,1219,Yes,No,Yes,Yes,Yes,No,33,3.27,53,0.981132,0,0,12.207547,2,0,High
?,1295,No,No,Yes,Yes,Yes,No,33,3.54,54,1,0,0,16.87037,0,0,High
?,880,No,No,Yes,Yes,Yes,No,32,3.27,38,0.973684,0,0,14.131578,0,0,High
?,1087,No,No,Yes,Yes,Yes,No,32,3.59,51,0.960784,0.039215,0,11.568627,1,1,High
?,916,No,No,Yes,Yes,Yes,No,30,3.24,43,1,0,0,20.16279,0,1,High
?,1555,Yes,No,Yes,Yes,Yes,No,30,3.23,58,1,0,0,17.189655,0,0,High
?,1659,No,No,Yes,Yes,Yes,No,28,3.46,59,0.966101,0.016949,0,12.203389,2,2,High
?,1289,Yes,No,Yes,Yes,Yes,No,29,3.26,53,0.962264,0.018867,0,9.962264,1,1,High
?,1320,Yes,No,Yes,No,Yes,No,29,2.34,62,0.919354,0,0,9.032258,1,6,High
?,796,Yes,No,Yes,No,Yes,No,28,2.44,42,0.95238,0.023809,0,10,2,3,Low
?,938,Yes,No,Yes,No,Yes,No,25,2.76,46,0.913043,0.021739,0,10.586956,1,3,High
?,1077,No,No,Yes,No,Yes,No,31,2,52,0.961538,0,0,9.692307,1,1,Low
?,1170,Yes,Yes,Yes,Yes,Yes,No,34,2.83,53,0.943396,0,0,10.283018,0,5,Low
?,1239,Yes,Yes,Yes,Yes,Yes,No,29,3.43,53,0.981132,0,0,9.679245,0,4,High
?,677,Yes,No,Yes,Yes,Yes,No,37,3.45,23,0.956521,0.086956,0,13.217391,1,0,High
?,909,Yes,Yes,Yes,No,Yes,No,28,2.27,46,0.956521,0,0,17.934782,0,1,Low
?,905,No,No,Yes,Yes,Yes,No,31,3.18,43,1,0,0,19.186046,1,3,High
?,802,Yes,Yes,Yes,No,Yes,No,26,2.22,51,0.980392,0,0,13.882352,0,1,Low
?,737,Yes,Yes,Yes,Yes,Yes,No,31,3.11,41,0.951219,0,0,12.780487,2,5,High
?,1134,Yes,Yes,Yes,Yes,Yes,No,33,2.89,49,0.959183,0,0,9.387755,3,5,High
?,1410,Yes,Yes,Yes,Yes,Yes,No,34,3.49,60,1,0.016666,0,11.083333,1,3,High
?,110,No,No,No,Yes,Yes,No,42,2.55,5,1,0,0,16.6,0,0,High
?,1200,No,Yes,No,Yes,No,No,33,3.98,47,1,0,0,12.80851,1,4,High
?,785,Yes,No,Yes,Yes,Yes,No,30,2.58,44,0.931818,0,0,8.795454,2,6,Low
?,735,Yes,No,Yes,Yes,Yes,No,34,3,33,1,0.030303,0,10.787878,1,4,Low
?,1095,No,Yes,No,Yes,Yes,No,32,3.99,44,0.954545,0.022727,0,13.977272,2,1,High
?,947,No,No,Yes,Yes,Yes,No,29,2.7,48,0.958333,0.041666,0,11.6875,1,2,High
?,181,No,No,Yes,No,Yes,No,31,2.1,10,0.9,0,0,7.4,0,5,Low
?,320,No,No,Yes,Yes,Yes,No,31,2.79,14,0.928571,0,0,11.214285,1,0,Low
D,77,No,No,No,No,Yes,No,22,3.05,4,0.5,0.5,0,3.25,1,0,Low
?,258,No,No,Yes,Yes,Yes,No,29,3.27,12,0.916666,0.25,0,5.666666,1,2,High
?,763,Yes,No,Yes,Yes,Yes,No,27,2.79,42,0.928571,0,0.023809,7.857142,2,4,High
?,545,Yes,Yes,Yes,Yes,Yes,No,27,2.71,30,0.966666,0.033333,0,14.233333,3,0,High
?,446,Yes,Yes,Yes,No,Yes,No,19,2.27,34,0.911764,0.029411,0,8.558823,1,3,Low
?,649,Yes,Yes,Yes,No,Yes,No,26,1.85,39,0.923076,0.025641,0,8.410256,6,3,Low
?,634,Yes,Yes,Yes,Yes,Yes,No,26,2.86,36,0.972222,0.055555,0,11.166666,0,0,High
?,669,No,Yes,Yes,No,Yes,No,26,1.94,36,0.972222,0.027777,0,12.416666,1,1,Low
?,411,Yes,No,Yes,Yes,Yes,No,24,2.32,26,0.961538,0.115384,0,10.76923,2,0,Low
?,1253,No,Yes,Yes,Yes,Yes,No,29,3.67,58,1,0.137931,0,13.017241,0,2,High
?,549,No,No,No,Yes,Yes,No,28,3.57,24,1,0,0,13.708333,2,0,High
?,702,No,No,Yes,Yes,Yes,No,30,3.79,32,0.9375,0.09375,0,11.21875,5,0,High
?,743,No,No,No,Yes,Yes,No,29,3.49,34,1,0,0,12.382352,2,3,High
?,818,No,No,No,Yes,Yes,No,31,3.44,36,1,0.055555,0,13,2,2,High
?,821,No,Yes,Yes,Yes,Yes,No,31,3.67,37,0.972972,0,0,9,8,0,High
?,746,No,No,No,Yes,Yes,No,29,3.19,32,1,0,0,9.9375,5,1,High
?,569,No,No,Yes,Yes,Yes,No,22,2.67,34,1,0,0,9.617647,7,0,Low
?,444,Yes,No,Yes,Yes,Yes,No,22,2.33,29,0.896551,0.068965,0,4.655172,9,6,Low
?,557,No,No,Yes,Yes,Yes,No,25,2.88,28,0.964285,0,0,11.071428,3,0,Low
?,226,No,No,No,Yes,Yes,No,27,3.15,10,1,0,0,11,0,0,Low
?,1145,Yes,No,Yes,Yes,Yes,No,29,3.06,55,1,0,0,14.781818,1,1,Low
?,769,Yes,No,Yes,Yes,Yes,No,31,2.6,41,1,0,0,9.414634,2,3,Low
?,814,Yes,Yes,Yes,Yes,Yes,No,29,2.96,41,0.975609,0,0,8.09756,4,4,Low
?,561,Yes,Yes,Yes,No,Yes,No,26,2.51,27,0.962962,0,0,8.962962,3,2,Low
?,24,No,No,No,No,No,No,11,2.11,8,0.875,0,0,6.875,1,0,Low
?,589,Yes,No,Yes,Yes,Yes,No,27,2.39,33,0.90909,0.030303,0,11.757575,1,1,Low
?,464,No,No,Yes,Yes,Yes,No,25,2.45,27,0.814814,0,0,11.629629,2,1,Low
?,401,Yes,No,Yes,No,Yes,No,20,2.28,27,1,0,0,13.296296,0,0,Low
?,476,Yes,Yes,Yes,No,Yes,No,24,1.77,32,0.9375,0,0,12.46875,2,1,Low
Y,394,No,No,Yes,Yes,Yes,No,?,2.69,14,1,0,0,13.785714,0,0,High
?,868,No,No,Yes,Yes,Yes,No,29,2.62,44,0.977272,0,0,16.181818,0,3,Low
?,740,No,No,Yes,Yes,Yes,No,32,2.46,37,0.837837,0.081081,0,16.486486,0,2,High
?,504,Yes,No,Yes,No,Yes,No,19,2.32,33,0.60606,0.181818,0.060606,5.484848,3,12,Low
?,817,Yes,No,Yes,Yes,Yes,No,23,2.57,41,0.780487,0.146341,0,8.829268,6,3,Low
?,762,No,No,Yes,Yes,Yes,No,31,3.38,30,0.9,0.066666,0.033333,18.8,0,6,High
?,868,No,No,Yes,Yes,Yes,No,30,3.51,34,0.970588,0.058823,0,20.235294,1,1,High
?,832,Yes,No,Yes,Yes,Yes,No,27,2.48,42,0.880952,0.095238,0.238095,10.642857,2,0,Low
?,439,No,No,Yes,Yes,Yes,No,27,3.03,20,1,0,0,14.3,0,0,High
?,836,No,No,Yes,Yes,Yes,No,31,3.09,35,0.971428,0,0,17.057142,1,2,High
?,931,Yes,No,Yes,Yes,Yes,No,31,3.32,39,1,0,0,15.717948,1,1,High
?,973,No,No,Yes,Yes,Yes,No,29,2.54,42,0.97619,0.023809,0,10.190476,1,3,Low
?,894,No,No,Yes,Yes,Yes,No,29,2.52,40,0.975,0.025,0,10.5,3,6,Low
?,1170,No,Yes,Yes,Yes,Yes,No,30,3.48,45,1,0,0,13.377777,0,1,High
?,1173,No,Yes,Yes,Yes,No,No,30,3.72,43,1,0,0,17.16279,0,2,High
?,543,No,No,Yes,Yes,Yes,No,29,2.53,23,0.913043,0.043478,0,14.391304,1,2,Low
?,848,No,No,Yes,Yes,Yes,No,28,2.72,42,0.97619,0.047619,0,10.642857,1,1,Low
?,821,No,No,Yes,No,Yes,No,29,2.01,40,0.95,0.025,0,9.025,1,4,Low
?,974,No,No,Yes,No,Yes,No,27,2.16,42,1,0.047619,0,10.190476,1,1,Low
?,797,No,No,Yes,No,Yes,No,29,2.47,35,0.971428,0.057142,0,10.257142,1,1,Low
?,759,Yes,No,Yes,No,Yes,No,29,2.34,39,0.974358,0,0,12.641025,2,0,Low
?,1078,Yes,Yes,Yes,Yes,Yes,No,29,3.54,47,0.978723,0,0,12.93617,1,1,High
?,?,?,?,?,?,?,?,?,2.71,1,1,1,0,19,0,0,?
?,1177,Yes,Yes,Yes,Yes,Yes,No,29,3.2,50,0.9,0,0,9.9,1,5,High
?,840,Yes,No,Yes,Yes,Yes,No,28,3.27,37,0.945945,0,0,11.378378,2,1,High
?,1174,Yes,No,Yes,Yes,Yes,No,30,2.98,50,0.86,0.02,0,10.32,0,3,High
?,1239,Yes,No,Yes,No,Yes,No,28,2.6,57,0.947368,0.035087,0,10.473684,3,4,Low
?,1084,No,No,Yes,No,Yes,No,21,2.14,64,0.875,0.015625,0,9.84375,11,10,Low
?,1078,No,No,Yes,No,Yes,No,23,2.11,62,0.919354,0.064516,0,8.903225,6,6,Low
?,1212,No,No,Yes,No,Yes,No,28,1.99,51,0.941176,0.019607,0,11.666666,3,5,Low
?,1122,No,No,Yes,No,Yes,No,26,2.38,51,1,0.039215,0,11.960784,0,1,Low
?,985,No,No,Yes,No,Yes,No,27,2.18,45,0.977777,0.022222,0,13.088888,1,1,Low
?,1050,No,No,Yes,No,Yes,No,28,2.03,50,0.92,0.04,0,10.68,7,1,Low
?,174,No,No,Yes,Yes,Yes,No,24,2.78,9,1,0,0,11.111111,1,0,High
?,469,No,No,Yes,Yes,Yes,No,27,2.8,26,0.923076,0.038461,0,11.961538,0,5,Low
?,720,No,No,Yes,Yes,Yes,No,26,2.66,40,0.9,0.025,0,10.375,2,2,Low
?,979,No,No,Yes,Yes,Yes,No,30,3.04,44,1,0,0,18.522727,0,1,High
?,197,No,No,No,Yes,Yes,No,24,2.54,10,1,0,0,15.3,0,0,Low
?,?,?,?,?,?,?,No,10,1.78,1,1,0,0,5,0,0,?
?,846,No,No,Yes,No,Yes,No,24,1.72,45,0.977777,0.044444,0,16.266666,0,4,Low
?,854,No,No,Yes,No,Yes,No,28,1.81,40,0.975,0.025,0,11.475,3,4,Low
?,778,No,No,Yes,No,Yes,No,29,1.87,41,0.951219,0.04878,0,11.487804,2,1,Low
?,867,No,No,Yes,No,Yes,No,27,1.87,45,0.977777,0.044444,0,11.066666,2,4,Low
?,1091,No,No,Yes,Yes,Yes,No,28,2.15,49,0.959183,0.061224,0,7.571428,4,5,Low
?,907,No,No,Yes,No,Yes,No,26,1.99,45,1,0,0,12.755555,2,4,Low
?,1246,No,Yes,Yes,Yes,Yes,No,30,3.28,49,1,0.081632,0,10.836734,1,1,High
?,930,No,No,Yes,Yes,Yes,No,29,2.64,43,0.976744,0.023255,0,10.395348,1,3,High
?,1235,No,Yes,Yes,Yes,Yes,No,31,3.37,54,0.981481,0.018518,0,16.777777,2,4,High
?,1089,No,No,Yes,Yes,Yes,No,32,3.08,48,0.895833,0.041666,0,13.666666,0,2,High
?,?,?,?,?,?,?,?,?,1.67,1,1,0,0,3,0,0,?
?,1125,Yes,No,Yes,No,Yes,No,29,2.12,55,0.963636,0,0,10.163636,2,3,Low
?,1117,No,No,Yes,No,Yes,No,24,1.95,60,0.966666,0.016666,0,11.916666,1,3,Low
?,1024,Yes,No,Yes,No,Yes,No,28,2.34,52,0.942307,0,0,10.26923,0,1,Low
?,1182,Yes,No,Yes,Yes,Yes,No,30,2.51,56,0.946428,0.035714,0,9.267857,1,6,Low
?,1325,Yes,No,Yes,No,Yes,No,31,2.18,57,0.964912,0,0.017543,9.368421,1,6,Low
?,719,No,No,Yes,Yes,Yes,No,30,2.96,35,0.914285,0,0,15.228571,1,0,Low
?,974,No,No,Yes,Yes,Yes,No,27,2.11,40,0.9,0.05,0.025,9.525,0,5,Low
?,607,Yes,No,Yes,No,Yes,No,30,2.29,30,0.933333,0.066666,0,8.533333,0,0,High
?,912,Yes,No,Yes,No,Yes,No,26,1.92,50,0.96,0.02,0,9.48,0,5,Low
?,1049,Yes,No,Yes,Yes,Yes,No,29,2.21,50,0.92,0.04,0.04,12.02,0,5,Low
?,570,No,No,Yes,Yes,Yes,No,31,2.55,26,1,0,0,18.192307,0,0,High
?,1059,Yes,No,Yes,No,Yes,No,23,1.79,58,0.896551,0.034482,0,7.327586,0,7,Low
?,948,Yes,No,Yes,No,Yes,No,26,1.73,50,0.96,0.04,0,9.2,0,3,Low
?,863,Yes,No,Yes,No,Yes,No,25,1.99,49,0.897959,0.061224,0,8.693877,0,4,Low
?,833,Yes,No,Yes,Yes,Yes,No,28,2.2,44,0.886363,0.022727,0.045454,7.431818,0,3,Low
?,1055,Yes,No,Yes,Yes,Yes,No,27,2.12,57,0.877192,0.035087,0.017543,10.070175,0,7,Low
?,831,Yes,No,Yes,Yes,Yes,No,26,2.3,42,0.880952,0.047619,0,11.047619,1,1,Low
?,619,Yes,No,Yes,Yes,Yes,No,32,2.21,32,0.78125,0,0,8.3125,3,8,Low
?,520,Yes,No,Yes,Yes,Yes,No,27,2.31,31,0.935483,0,0,8.677419,1,2,Low
?,395,No,No,Yes,Yes,Yes,No,32,2.94,17,1,0,0,12.470588,0,2,High
?,1089,No,No,Yes,Yes,Yes,No,36,2.73,43,0.930232,0,0,14.023255,1,1,High
?,?,?,?,?,?,?,?,?,1.96,2,1,0,0,24,0,0,?
?,282,Yes,No,Yes,Yes,Yes,No,24,3.26,17,0.882352,0,0.117647,8.411764,1,4,High
?,847,No,No,Yes,Yes,Yes,No,33,2.83,43,0.953488,0,0,12.511627,0,2,High
?,991,No,No,Yes,Yes,Yes,No,29,2.88,44,0.886363,0.022727,0.022727,12.772727,1,2,High
?,1021,No,No,Yes,Yes,Yes,No,31,2.36,46,0.652173,0.021739,0.021739,5.586956,9,14,Low
?,975,No,No,Yes,Yes,Yes,No,28,2.22,49,0.959183,0,0,12.183673,1,3,Low
?,1013,No,No,Yes,Yes,Yes,No,25,2.4,49,0.938775,0.061224,0,11.632653,2,3,Low
?,?,?,?,?,?,?,?,?,1.64,1,1,0,0,26,0,0,?
?,159,No,No,Yes,Yes,Yes,No,28,2.41,6,1,0,0,21.5,0,0,Low
?,957,No,No,Yes,Yes,Yes,No,31,3.66,40,0.95,0.025,0.025,12.075,3,1,High
?,895,Yes,No,Yes,Yes,Yes,No,28,2.66,42,1,0,0,12.857142,1,2,Low
?,1166,Yes,No,Yes,Yes,Yes,No,32,3.19,45,1,0,0,14.466666,0,3,High
?,701,No,No,Yes,Yes,Yes,No,33,2.24,35,0.942857,0,0,10.6,1,3,Low
?,680,Yes,No,Yes,Yes,Yes,No,29,2.52,33,0.969696,0,0,13.272727,0,3,Low
?,723,No,No,Yes,Yes,Yes,No,29,3.44,35,1,0,0,16.2,2,1,High
?,480,No,No,Yes,Yes,Yes,No,24,3.11,27,0.962962,0,0,11.111111,2,5,High
?,?,?,?,?,?,?,No,5,1.33,1,1,1,0,17,0,0,?
D,?,?,?,?,?,?,?,?,3,2,1,0,0,13.5,0,0,?
?,103,No,No,Yes,No,Yes,No,16,2.2,7,0.857142,0,0.142857,9.714285,1,0,Low
?,788,No,No,Yes,Yes,Yes,No,32,2.99,33,1,0,0,14.696969,0,1,High
?,683,No,No,Yes,Yes,Yes,No,24,2.08,40,0.975,0,0,11.5,3,1,Low
?,752,No,No,Yes,Yes,Yes,No,29,2.27,39,1,0,0,13.974358,1,3,Low
?,701,No,No,Yes,Yes,Yes,No,28,2.52,37,1,0,0,12.243243,1,5,Low
?,743,No,No,Yes,Yes,Yes,No,29,2.5,35,1,0,0,16.714285,0,0,Low
?,1467,No,No,Yes,Yes,Yes,No,32,3.57,63,1,0.015873,0,16.920634,0,1,High
?,15,No,No,No,No,No,?,?,2.31,3,0.666666,0,0,4.666666,0,1,?
?,709,No,No,Yes,Yes,No,No,28,4.15,33,1,0.030303,0,10.787878,0,3,High
?,1137,No,No,Yes,Yes,Yes,No,31,2.9,56,0.964285,0.017857,0,14.25,1,6,High
?,16,No,No,No,No,No,No,13,1.26,3,1,0,0,14.666666,0,0,?
?,950,No,No,Yes,Yes,Yes,No,28,1.91,60,1,0,0,12.866666,1,4,Low
?,939,No,No,Yes,No,Yes,No,25,1.5,59,0.966101,0,0,9.440677,2,6,Low
?,1202,No,No,Yes,Yes,Yes,No,31,2,55,1,0,0,13.090909,0,1,Low
?,1279,No,No,Yes,Yes,Yes,No,28,2.58,64,1,0,0,12.203125,1,3,High
?,?,?,?,?,?,?,?,?,4,1,1,0,0,11,0,0,?
?,888,No,No,Yes,Yes,Yes,No,28,3.39,44,1,0,0,20.954545,2,0,High
?,374,No,No,Yes,Yes,Yes,No,29,3.13,16,1,0,0,16.1875,0,0,High
?,83,No,No,No,Yes,No,?,?,2.27,4,1,0,0,21.5,0,0,High
?,530,No,No,Yes,Yes,Yes,No,28,2.94,26,0.923076,0.192307,0,14,2,2,High
?,688,No,No,Yes,Yes,Yes,No,31,2.84,30,1,0,0,13.566666,0,2,High
?,11,No,No,No,No,No,?,?,2.64,2,1,0,0,6.5,0,0,Low
?,1124,Yes,No,Yes,Yes,Yes,No,30,2.91,55,1,0,0,12.963636,2,4,High
?,1197,No,No,Yes,Yes,Yes,No,32,3.28,55,1,0,0,13.272727,1,1,High
?,1077,Yes,No,Yes,Yes,Yes,No,30,2.77,56,0.910714,0.053571,0,11.714285,1,4,High
?,745,Yes,No,Yes,No,Yes,No,31,2.29,48,1,0.020833,0,11.5625,1,3,Low
?,595,Yes,No,Yes,Yes,Yes,No,32,2.49,27,1,0,0,13,0,0,Low
?,560,Yes,No,Yes,No,Yes,No,32,2.5,23,0.956521,0.043478,0,15.217391,0,1,Low
?,194,No,No,Yes,Yes,Yes,No,23,2.39,13,1,0,0,13.153846,1,1,Low
?,1005,No,Yes,No,Yes,No,No,31,4.17,46,0.97826,0,0,8.434782,5,7,High
?,1237,No,Yes,Yes,Yes,Yes,No,32,3.75,52,1,0,0,20.903846,0,0,High
?,1257,No,No,Yes,Yes,Yes,No,31,3.92,52,1,0,0,18.076923,3,2,High
?,1241,No,Yes,Yes,Yes,Yes,No,31,3.87,50,1,0,0,17.74,2,1,High
?,1338,No,Yes,Yes,Yes,Yes,No,31,4.05,56,1,0,0,17.375,1,5,High
?,1321,No,Yes,No,Yes,No,No,31,4.28,54,0.981481,0.018518,0,18.388888,1,5,High
?,946,No,No,Yes,Yes,Yes,No,29,3.14,41,1,0,0,14.219512,0,0,High
?,177,No,No,No,Yes,No,No,17,4.41,13,0.923076,0,0.076923,8.153846,1,0,High
D,316,No,No,Yes,Yes,Yes,?,?,3.75,15,0.733333,0,0,5.466666,0,3,High
D,323,No,No,Yes,No,Yes,?,?,1.98,15,1,0,0,5.733333,0,2,High
D,307,No,No,Yes,Yes,Yes,?,?,3.69,15,0.8,0,0,7.066666,0,0,High
D,601,Yes,No,Yes,No,Yes,No,14,1.97,47,0.978723,0,0,5.80851,6,6,Low
D,260,No,No,Yes,Yes,Yes,?,?,?,17,0.882352,0.058823,0,4.411764,2,4,High
D,232,No,No,Yes,Yes,Yes,?,?,3.31,13,0.923076,0,0,5.307692,1,4,High
D,306,No,No,Yes,No,Yes,?,?,1.51,13,0.846153,0.076923,0,4.846153,2,1,Low
?,360,No,No,Yes,Yes,Yes,No,17,2.76,21,0.95238,0,0,11.190476,0,0,High
?,214,Yes,No,Yes,No,Yes,?,?,2.7,12,1,0.083333,0,8.333333,1,2,High
?,220,No,No,Yes,No,Yes,No,23,1.66,17,0.941176,0,0,7.058823,1,6,Low
?,886,Yes,No,Yes,Yes,Yes,No,26,2.74,45,0.977777,0.022222,0,12.555555,0,7,Low
D,474,Yes,No,Yes,No,Yes,?,?,2.53,30,0.966666,0,0,6.4,1,4,Low
?,1136,Yes,No,Yes,No,Yes,No,26,2.71,62,0.967741,0,0,15.854838,0,4,Low
?,777,No,No,Yes,Yes,Yes,No,27,3.06,37,0.945945,0.027027,0,11.297297,0,5,High
?,1026,Yes,Yes,Yes,Yes,Yes,No,29,3.08,46,1,0,0,17.195652,0,0,High
?,826,Yes,Yes,Yes,No,Yes,No,26,1.83,53,0.962264,0.018867,0,7.867924,0,25,Low
?,955,No,No,Yes,Yes,Yes,No,27,2.61,60,1,0.016666,0,13.833333,0,2,Low
?,501,No,Yes,Yes,No,Yes,No,34,2.33,35,1,0,0,13.314285,0,1,Low
?,1028,No,No,Yes,Yes,Yes,No,18,3.69,47,1,0,0,15.80851,0,5,High
?,653,No,No,Yes,Yes,Yes,No,29,2.49,42,0.95238,0.023809,0,14.404761,1,0,Low
?,755,Yes,No,Yes,Yes,Yes,No,20,2.42,60,0.983333,0.016666,0,11.733333,0,11,Low
?,596,Yes,No,Yes,Yes,Yes,No,23,2.61,38,0.973684,0,0,14.68421,0,1,Low
?,?,?,?,?,?,?,?,?,1.71,24,0.958333,0,0,5.083333,2,4,?
D,816,Yes,No,Yes,No,Yes,No,31,2.53,47,1,0,0,9.80851,2,2,Low
?,890,No,No,Yes,Yes,Yes,No,32,3.24,41,1,0.02439,0,14.902439,0,3,High
?,611,No,No,Yes,No,Yes,?,?,1.8,40,1,0,0,10.425,0,6,Low
?,1268,No,Yes,Yes,Yes,Yes,No,32,3.31,56,0.982142,0,0,15.071428,0,4,High
?,1195,Yes,Yes,Yes,Yes,Yes,No,35,3.03,54,1,0.018518,0,19.185185,0,1,High
?,655,No,No,Yes,Yes,Yes,No,21,2.33,37,1,0.027027,0,12.918918,0,3,Low
?,959,Yes,No,Yes,Yes,Yes,No,31,3.26,46,1,0,0,14.326086,0,2,High
?,1079,No,Yes,Yes,Yes,Yes,No,30,3.12,47,1,0,0,17.87234,0,0,High
?,1121,Yes,Yes,Yes,No,Yes,No,29,1.88,65,0.953846,0.015384,0,13.307692,0,6,Low
?,1428,No,Yes,Yes,Yes,Yes,No,8,3.94,57,1,0,0,13.719298,0,2,High
?,984,No,No,Yes,Yes,Yes,No,31,3.74,42,1,0,0,12.214285,4,3,High
?,599,No,No,No,Yes,No,No,30,4.24,28,1,0,0,9.607142,0,6,High
?,834,No,No,Yes,Yes,No,No,31,3.93,35,1,0,0,15.714285,1,2,High
?,1330,No,Yes,No,Yes,No,No,31,4.43,61,1,0,0,9.918032,7,3,High
?,?,?,?,?,?,?,No,5,2.36,1,0,0,0,3,0,0,?
?,845,No,No,Yes,No,Yes,No,21,1.97,41,0.975609,0,0,13.487804,4,1,Low
?,?,?,?,?,?,?,?,?,1.61,1,1,0,0,4,0,0,?
?,1078,No,No,Yes,Yes,Yes,No,29,3.48,46,0.956521,0,0,15.043478,0,3,High
?,1059,No,No,Yes,No,Yes,No,27,2.45,53,0.962264,0,0,12,2,5,Low
?,1030,No,No,Yes,No,Yes,No,30,2.52,48,0.979166,0,0.020833,15.916666,0,0,Low
?,986,No,No,Yes,No,Yes,No,30,2.42,48,0.958333,0,0,10.854166,2,4,High
?,1001,No,No,Yes,Yes,Yes,No,28,2.65,47,1,0,0.021276,14.978723,0,1,Low
?,751,No,No,Yes,No,Yes,No,27,2.22,37,0.945945,0,0.027027,12.027027,1,2,High
?,1164,No,No,Yes,Yes,Yes,No,30,3.06,52,0.961538,0,0,14,1,2,High
?,704,No,No,Yes,No,Yes,No,24,2.3,41,0.975609,0,0.02439,15.414634,3,2,Low
?,928,No,No,Yes,No,Yes,No,28,2.65,47,0.978723,0,0,10.382978,2,5,Low
?,1572,No,No,Yes,Yes,Yes,No,31,3.54,63,0.968253,0,0.015873,12.984126,2,3,High
?,12,No,No,No,No,No,No,9,2.45,3,1,0,0,10.333333,0,0,?
?,1488,No,No,Yes,Yes,Yes,No,30,3.67,62,1,0,0,11.967741,0,5,High
?,372,No,No,Yes,Yes,Yes,No,30,2.78,18,1,0,0,9.944444,0,2,High
?,821,No,No,Yes,Yes,Yes,No,25,1.99,49,1,0.020408,0,14.367346,3,3,Low
?,695,No,No,Yes,No,Yes,No,28,1.79,45,1,0.022222,0,11,4,6,Low
?,1198,No,No,Yes,Yes,Yes,No,28,3.15,56,1,0.035714,0,18.785714,0,0,High
?,1285,No,No,Yes,Yes,Yes,No,30,3.13,60,1,0.016666,0,18.45,0,1,High
?,538,No,No,Yes,Yes,Yes,No,30,3.51,27,1,0,0,13.074074,2,0,High
?,967,No,No,Yes,Yes,Yes,No,29,3.34,45,1,0,0,14.822222,0,3,High
?,883,No,No,Yes,Yes,Yes,No,30,3.89,38,1,0,0,14.18421,0,0,High
?,742,No,No,Yes,No,Yes,No,32,2.27,35,1,0,0,11.257142,0,1,Low
?,1108,Yes,No,Yes,Yes,Yes,No,33,2.5,54,1,0,0,14.833333,0,0,Low
?,819,No,No,Yes,Yes,Yes,No,30,2.48,39,1,0,0,16.820512,0,1,Low
?,1434,Yes,No,Yes,Yes,Yes,No,31,3,60,0.966666,0.016666,0,18.15,0,1,High
?,1263,No,No,Yes,Yes,Yes,No,29,3.72,48,1,0,0,12.875,2,3,High
?,1150,No,No,Yes,Yes,Yes,No,26,2.18,50,1,0,0,12.24,1,4,High
?,1337,No,No,Yes,Yes,Yes,No,30,2.77,54,1,0,0,13.74074,1,3,High
?,862,No,No,Yes,Yes,Yes,No,27,2.31,42,1,0.023809,0,17.666666,2,1,High
D,219,Yes,No,No,No,Yes,No,21,2.33,19,0.526315,0.157894,0.052631,3.368421,3,2,Low
D,287,Yes,No,Yes,No,Yes,No,29,2.44,20,0.85,0,0,6.55,2,0,High
?,200,Yes,No,No,No,Yes,No,11,2.34,21,0.95238,0.047619,0,9.428571,4,0,Low
?,1181,No,Yes,Yes,Yes,Yes,No,28,2.91,54,0.981481,0.018518,0,15.648148,1,3,High
?,596,No,Yes,No,No,Yes,No,22,2.09,34,0.970588,0,0.029411,12.852941,5,1,Low
?,1179,No,Yes,Yes,Yes,Yes,No,29,3.14,56,1,0,0,14.857142,3,2,High
?,535,No,Yes,Yes,No,Yes,No,26,2.58,33,0.939393,0.060606,0,11.727272,2,3,Low
?,479,Yes,Yes,Yes,No,Yes,No,26,2.18,30,0.966666,0.033333,0,9.233333,5,2,Low
?,710,No,Yes,No,No,Yes,No,26,2.46,37,0.945945,0.054054,0,12.027027,3,1,High
?,265,Yes,Yes,No,No,Yes,No,11,2.27,24,1,0,0,11.458333,2,1,Low
?,961,No,Yes,Yes,Yes,Yes,No,31,2.82,44,0.954545,0.045454,0,12.25,2,3,High
?,344,Yes,No,Yes,No,Yes,No,19,2.2,36,0.944444,0.055555,0,9.555555,3,4,Low
?,298,No,No,Yes,No,Yes,No,20,2.1,26,1,0,0,11,3,0,Low
?,547,No,No,Yes,No,Yes,No,13,2.78,40,1,0,0,9.75,6,3,Low
?,894,No,Yes,Yes,No,Yes,No,17,2.26,46,0.97826,0.021739,0,14.47826,1,0,High
?,1161,No,Yes,No,Yes,Yes,No,29,3.07,52,1,0,0,20.557692,0,1,High
?,669,No,No,Yes,Yes,Yes,No,27,2.66,31,0.774193,0.032258,0,11.451612,7,2,Low
?,378,No,No,Yes,Yes,Yes,No,24,3.36,18,1,0,0,9.722222,0,1,High
?,545,No,No,Yes,Yes,Yes,No,25,3.03,24,0.875,0.041666,0,14.333333,0,1,High
?,?,?,?,?,?,?,?,?,2,1,1,0,0,3,0,0,?
?,374,No,No,Yes,Yes,Yes,No,29,2.86,17,1,0.058823,0,12.941176,0,0,High
D,493,No,Yes,Yes,Yes,Yes,No,27,3.23,24,0.708333,0.041666,0,4.666666,7,0,High
?,730,No,No,Yes,Yes,Yes,No,30,2.65,36,0.972222,0.083333,0,15.527777,1,0,Low
?,818,No,Yes,Yes,Yes,Yes,No,27,2.83,41,0.634146,0.146341,0,7.04878,16,5,Low
?,138,No,No,Yes,No,Yes,No,19,2.58,11,0.818181,0.090909,0,8.818181,3,0,?
?,249,No,Yes,Yes,Yes,Yes,No,28,3.69,11,0.818181,0.181818,0,12.727272,2,0,High
?,788,No,Yes,Yes,No,Yes,No,27,2.35,41,0.829268,0.146341,0,10.975609,5,4,Low
?,859,No,No,Yes,Yes,Yes,No,28,2.3,42,0.97619,0.095238,0,16.166666,5,0,Low
?,471,No,Yes,Yes,No,Yes,No,21,2.52,30,0.8,0.066666,0,9.5,6,4,Low
?,84,No,No,Yes,No,Yes,No,26,1.47,4,1,0,0,9.5,0,0,Low
?,25,No,No,No,No,No,No,17,2.09,7,0.714285,0,0,5.714285,1,1,Low
D,179,Yes,No,Yes,No,Yes,No,28,2.61,8,0.375,0.25,0,2.875,4,2,Low
?,736,No,No,Yes,Yes,Yes,No,24,2.58,45,0.8,0,0.022222,10.266666,2,3,Low
?,1189,No,No,Yes,Yes,Yes,No,24,3.03,64,0.890625,0.015625,0,11,1,2,Low
D,343,No,No,Yes,Yes,No,No,?,3.82,18,0.666666,0.055555,0,5.277777,1,2,High
?,676,No,No,Yes,Yes,Yes,No,28,3.19,30,1,0,0,20.7,0,3,High
?,270,No,No,No,Yes,Yes,No,?,3.63,14,1,0,0,12.214285,0,2,High
?,482,No,No,Yes,Yes,Yes,No,24,3.19,27,1,0,0,14.888888,1,2,High
?,598,No,No,Yes,Yes,Yes,No,30,3.35,27,1,0,0,14.777777,1,1,High
?,504,No,No,Yes,Yes,Yes,No,27,2.89,27,1,0,0,11.259259,3,0,High
?,676,No,No,Yes,Yes,Yes,No,27,3.9,34,1,0,0,21.088235,0,0,High
?,345,No,No,Yes,Yes,Yes,No,28,3.29,18,1,0,0,17.055555,0,1,High
?,?,?,?,?,?,?,?,?,2.29,1,1,0,0,8,0,0,?
?,492,No,No,No,Yes,No,No,26,3.56,25,1,0,0,15.8,0,0,High
?,672,No,No,Yes,Yes,Yes,No,27,2.85,40,1,0.025,0,11.125,4,3,High
?,724,No,No,Yes,Yes,Yes,No,28,3.05,36,1,0.055555,0,13.611111,2,1,High
?,150,No,No,Yes,Yes,Yes,No,19,2.6,11,1,0,0,20.545454,0,0,High
?,?,?,?,?,?,?,?,?,2.5,1,1,0,0,4,0,0,?
?,189,No,No,Yes,No,Yes,No,?,2.64,9,1,0,0,14.111111,0,1,Low
?,787,No,Yes,No,Yes,No,No,27,4,36,1,0,0,13.694444,0,0,High
?,204,No,No,Yes,Yes,No,No,27,3.38,11,1,0.090909,0,12.636363,0,0,High
?,788,No,Yes,Yes,Yes,Yes,No,31,3.87,40,0.975,0,0,9.025,7,0,High
?,702,No,No,Yes,Yes,Yes,No,31,3.03,31,0.935483,0,0.032258,14.677419,2,3,High
?,470,No,Yes,No,Yes,No,No,21,4.62,34,0.941176,0.029411,0,15.147058,0,0,High
?,444,No,No,Yes,No,Yes,No,32,2.82,18,0.944444,0,0,8.555555,2,4,Low
?,617,No,No,Yes,No,Yes,No,26,2.5,30,1,0,0,13.766666,0,0,Low
?,446,No,Yes,No,No,Yes,No,33,2.89,20,1,0,0,17.8,0,0,High
?,585,No,No,Yes,Yes,Yes,No,28,3.44,29,0.965517,0.241379,0,11.620689,2,1,High
?,600,No,No,No,Yes,No,No,21,4.59,36,0.972222,0,0,16.138888,0,1,High
?,666,No,No,No,Yes,No,No,25,4.44,40,1,0,0,15.4,0,1,High
?,828,No,Yes,Yes,Yes,Yes,No,26,3.44,42,0.97619,0,0.023809,11.428571,1,0,High
?,380,No,No,No,Yes,No,No,22,4.49,31,1,0,0,13.580645,2,0,High
?,264,No,No,Yes,No,Yes,No,?,1.55,28,1,0,0,4.357142,6,11,Low
?,321,No,No,Yes,No,Yes,No,?,1.7,18,0.888888,0,0,5.111111,1,5,Low
?,811,No,No,Yes,Yes,Yes,No,24,2.1,52,0.942307,0,0,16.096153,0,2,Low
?,331,No,No,Yes,No,Yes,No,26,1.88,19,0.947368,0.052631,0,7.894736,4,2,Low
?,537,No,No,Yes,Yes,Yes,No,27,2.71,26,0.961538,0,0,11.076923,1,2,High
?,588,No,No,No,Yes,No,No,28,4.04,29,0.931034,0.034482,0,11.862068,3,2,High
Y,573,No,No,No,Yes,No,No,28,3.69,26,0.961538,0.038461,0,8.615384,1,2,High
?,712,No,No,Yes,Yes,Yes,No,26,3.12,35,1,0,0,10.485714,0,3,High
?,479,No,No,Yes,No,Yes,No,28,2.3,26,0.923076,0,0,11.692307,2,1,Low
?,903,No,Yes,Yes,Yes,Yes,No,28,3.3,47,0.957446,0,0,12.553191,2,4,High
?,904,No,Yes,No,Yes,No,No,27,4.04,42,1,0,0,13.047619,2,1,High
?,778,No,No,Yes,Yes,Yes,No,29,2.86,34,0.911764,0,0,9.029411,5,3,High
?,528,No,No,Yes,No,Yes,No,29,2.15,30,0.933333,0,0,4.7,4,7,Low
?,?,?,?,?,?,?,No,31,3.34,28,0.892857,0,0,14.571428,3,1,?
?,741,No,No,Yes,No,Yes,No,30,2.14,39,1,0,0,10.923076,0,4,High
?,621,No,No,Yes,No,Yes,No,27,1.49,34,0.941176,0.058823,0,14.5,1,2,Low
?,662,No,No,Yes,No,Yes,No,28,1.89,35,1,0,0,12.228571,0,0,Low
?,462,No,No,Yes,No,Yes,No,27,1.49,25,1,0,0,14.64,0,1,Low
?,198,No,No,Yes,Yes,Yes,No,26,3.06,12,0.916666,0,0,11,1,1,High
?,516,No,No,Yes,Yes,Yes,No,26,2.56,27,1,0,0,11.111111,3,1,Low
?,311,No,No,Yes,No,Yes,No,24,2.18,18,1,0,0,15.5,0,0,Low
?,727,No,No,Yes,Yes,Yes,No,28,2.26,38,1,0,0,15.763157,0,0,Low
?,766,No,No,Yes,Yes,Yes,No,26,3.07,41,0.926829,0.07317,0,15.756097,1,0,High
?,587,No,No,Yes,Yes,Yes,No,31,2.82,26,1,0,0,13.653846,0,0,High
?,496,No,No,Yes,Yes,Yes,No,31,3.16,24,1,0.041666,0.041666,16.5,0,1,High
?,789,No,No,Yes,Yes,Yes,No,28,3.47,41,0.951219,0,0,12.609756,0,1,High
?,457,No,No,Yes,No,Yes,No,26,1.95,26,1,0,0,13.846153,1,0,High
?,673,No,No,Yes,Yes,Yes,No,29,2.7,35,1,0,0,17.142857,0,0,High
?,973,No,No,Yes,Yes,Yes,No,29,3.55,44,1,0,0,13.022727,0,1,High
Y,62,No,No,No,No,No,No,15,4.08,5,0.8,0,0,15,0,0,Low
?,?,?,?,?,?,?,?,?,1.92,2,1,0,0,5,0,0,?
D,334,No,Yes,Yes,No,Yes,No,44,2.25,14,0.5,0,0.071428,9.214285,1,1,High
?,213,No,No,Yes,No,Yes,No,28,2.25,11,1,0,0,5.90909,2,0,High
?,542,No,No,Yes,No,Yes,No,28,1.78,33,0.787878,0.060606,0,6.939393,5,3,Low
?,575,No,No,Yes,No,Yes,No,27,1.76,29,0.724137,0.034482,0,9.655172,2,3,Low
?,306,No,No,Yes,No,Yes,No,24,2.08,21,0.95238,0,0,6.380952,3,5,Low
?,576,No,Yes,Yes,No,Yes,No,30,2.37,31,0.967741,0,0,9.258064,4,1,Low
?,477,No,No,Yes,No,Yes,No,24,2.04,32,0.71875,0.03125,0,7.46875,4,1,Low
?,600,No,No,Yes,No,Yes,No,28,2.09,32,0.96875,0.0625,0,9.3125,5,2,Low
?,940,No,Yes,Yes,No,Yes,No,29,2.76,43,0.930232,0.069767,0,14.837209,3,3,High
?,948,No,Yes,Yes,No,Yes,No,28,2.81,45,0.866666,0.066666,0,13.222222,5,8,High
?,951,No,Yes,Yes,No,Yes,No,30,3,41,0.878048,0.04878,0.02439,13.414634,1,6,High
Y,963,No,Yes,Yes,Yes,Yes,No,27,3.42,43,1,0,0,14.837209,0,0,High
?,?,?,?,?,?,?,?,?,2.67,1,1,0,0,5,0,0,?
?,?,?,?,?,?,?,?,?,1.89,1,1,0,0,7,0,0,?
?,562,No,No,Yes,Yes,Yes,No,28,2.49,30,0.966666,0.033333,0,7.5,5,3,Low
Y,847,No,No,Yes,Yes,Yes,No,29,2.56,44,0.977272,0,0,9.954545,1,6,Low
Y,900,No,Yes,Yes,Yes,Yes,No,29,3.68,44,0.977272,0,0,12.454545,3,2,High
?,988,No,Yes,No,Yes,No,No,29,4.61,44,0.90909,0.022727,0,8.090909,4,4,High
?,1222,No,Yes,Yes,Yes,No,No,30,4.34,55,0.945454,0.018181,0,8.981818,2,2,High
?,1206,No,Yes,No,Yes,No,No,33,4.65,53,0.981132,0.018867,0,10.188679,2,2,High
?,1293,No,Yes,No,Yes,No,No,29,4.64,55,0.963636,0.072727,0,10.945454,3,5,High
?,841,No,Yes,No,Yes,Yes,No,31,3.95,43,0.976744,0,0,10.790697,1,2,High
?,1015,No,Yes,Yes,No,Yes,No,31,3.01,43,0.906976,0,0,10.418604,3,5,High
?,763,No,Yes,Yes,No,Yes,No,28,2.2,35,0.971428,0,0,15.6,0,1,High
?,1022,No,Yes,Yes,Yes,Yes,No,29,3.34,44,0.977272,0,0,15.40909,1,2,High
?,636,No,Yes,Yes,No,Yes,No,26,2.13,35,0.971428,0,0,17.371428,1,1,Low
?,811,No,Yes,Yes,No,Yes,No,28,2.24,41,1,0,0,19.341463,0,0,Low
?,910,No,No,Yes,Yes,Yes,No,31,2.81,38,0.921052,0.026315,0,12.131578,0,3,High
?,686,No,No,Yes,No,Yes,No,28,2.29,35,0.885714,0,0.085714,13.571428,0,3,Low
?,632,No,No,Yes,Yes,Yes,No,30,2.62,31,0.774193,0.032258,0,10.935483,1,7,Low
?,151,No,No,No,Yes,No,No,25,3.58,8,1,0,0,20.875,0,0,High
?,529,No,Yes,No,Yes,No,No,22,4.6,30,1,0,0,14.2,0,0,High
?,470,No,Yes,No,Yes,No,No,23,4.64,26,1,0,0,17.461538,0,0,High
?,959,No,Yes,No,Yes,No,No,25,3.99,46,0.97826,0.043478,0,13.260869,0,2,High
?,938,No,Yes,Yes,Yes,Yes,No,32,3.21,43,1,0.046511,0,13.767441,1,2,High
?,714,No,No,Yes,Yes,Yes,No,31,3,33,0.90909,0.060606,0.030303,16.575757,2,3,Low
?,635,No,No,Yes,Yes,Yes,No,33,3.14,26,0.884615,0.038461,0,12.230769,3,1,Low
?,635,No,No,Yes,Yes,Yes,No,28,3.3,32,1,0,0,11.28125,2,0,High
?,541,No,No,Yes,Yes,Yes,No,27,2.81,30,0.966666,0,0,9.033333,3,2,High
?,851,No,No,Yes,No,Yes,No,30,2.48,36,0.888888,0,0.055555,10.472222,2,2,Low
?,753,No,Yes,Yes,No,Yes,No,27,2.37,43,0.976744,0,0,18.465116,1,3,Low
?,728,No,Yes,Yes,Yes,Yes,No,31,2.89,37,1,0.027027,0,14.567567,3,2,High
?,805,No,Yes,Yes,Yes,Yes,No,30,2.99,37,0.945945,0.027027,0,15.513513,4,1,High
?,11,No,No,No,No,No,?,?,2.22,2,1,0,0,9,0,0,?
?,914,No,Yes,No,Yes,No,No,24,4.57,68,0.985294,0,0.014705,12.058823,1,2,High
?,863,No,Yes,Yes,Yes,No,No,24,4.4,58,1,0.017241,0,11.741379,1,2,High
?,630,No,Yes,No,Yes,No,No,23,4.58,45,0.933333,0.022222,0.022222,10.666666,3,3,High
?,1170,No,Yes,Yes,Yes,Yes,No,29,4.18,55,1,0.054545,0,16.672727,2,2,High
?,1129,No,No,Yes,Yes,Yes,No,29,2.91,53,0.886792,0.094339,0,12.660377,4,7,Low
?,1042,No,Yes,Yes,Yes,Yes,No,21,2.92,48,0.9375,0.041666,0,11.104166,2,2,High
?,766,No,No,Yes,No,Yes,No,25,1.87,45,0.866666,0.088888,0,10.955555,4,2,Low
?,994,No,No,Yes,Yes,Yes,No,30,2.15,53,0.981132,0.037735,0,13.150943,3,1,Low
?,1244,No,Yes,Yes,Yes,Yes,No,28,3.31,58,0.982758,0.086206,0,12.75862,1,2,High
?,?,?,?,?,?,?,No,5,2.15,1,1,0,0,1,1,0,?
D,78,No,No,Yes,No,Yes,No,20,2.38,8,0.375,0,0,5.125,4,0,Low
?,793,No,Yes,Yes,Yes,Yes,No,29,2.56,42,0.97619,0.047619,0,11.809523,4,1,Low
?,897,No,No,Yes,Yes,Yes,No,29,2.72,47,0.978723,0.042553,0,12.446808,1,0,Low
?,871,No,Yes,Yes,Yes,Yes,No,33,3.25,41,0.951219,0.04878,0.04878,10,5,4,High
?,928,No,Yes,No,Yes,No,No,26,4.66,47,0.978723,0,0,9.787234,2,2,High
?,849,No,No,Yes,No,Yes,No,29,2.51,49,0.959183,0,0,9.244897,3,4,Low
?,915,No,Yes,Yes,Yes,Yes,No,27,3.52,49,0.959183,0,0,8.979591,5,2,High
?,?,?,?,?,?,?,?,?,2.57,1,1,0,0,13,0,0,?
?,722,No,No,Yes,Yes,Yes,No,27,3.56,36,0.916666,0,0.083333,15.361111,2,3,High
?,789,No,No,Yes,Yes,No,No,29,3.74,39,1,0.025641,0.025641,12.487179,0,2,High
?,661,No,Yes,Yes,No,Yes,No,31,2.96,29,0.965517,0,0.034482,9.655172,1,2,High
?,759,No,Yes,Yes,Yes,Yes,No,31,3.21,33,0.969696,0.030303,0,12.636363,0,0,High
?,584,No,No,Yes,Yes,Yes,No,28,2.64,27,0.962962,0,0,16.074074,0,2,Low
?,530,No,No,Yes,No,Yes,No,30,1.72,22,1,0,0,7.181818,1,0,Low
D,136,No,No,Yes,No,Yes,No,?,2.63,5,0.2,0.6,0,2,0,5,High
?,670,No,No,Yes,Yes,Yes,No,30,3.6,24,0.958333,0,0.041666,16.666666,0,0,High
?,558,No,No,Yes,No,Yes,No,30,1.74,30,0.933333,0.033333,0.033333,13.5,0,1,Low
?,396,No,No,Yes,No,Yes,No,30,1.66,13,0.846153,0.076923,0,14.307692,0,0,Low
?,544,No,No,Yes,No,Yes,No,30,1.92,26,0.884615,0.076923,0.038461,12.730769,0,6,Low
?,598,No,No,Yes,No,Yes,No,30,2.11,37,0.972972,0.027027,0,11.756756,0,4,Low
?,483,No,No,No,Yes,Yes,No,28,3.41,25,0.96,0,0,15.04,0,0,High
?,409,No,No,Yes,Yes,Yes,No,26,3.11,24,0.916666,0,0,11,0,4,Low
?,581,No,No,Yes,Yes,Yes,No,27,3.62,33,0.939393,0.030303,0,15.060606,0,2,High
?,609,No,No,Yes,Yes,Yes,No,29,3.08,29,1,0,0,15.344827,0,2,High
?,566,No,No,No,Yes,Yes,No,27,3.89,26,1,0,0,14.961538,1,1,High
?,?,?,?,?,?,?,?,?,?,13,1,0,0,12.846153,0,0,?
?,66,No,No,No,No,No,No,14,2.03,5,1,0,0,13.8,0,1,High
?,?,?,?,?,?,?,?,?,2,1,1,0,0,8,0,0,?
?,?,?,?,?,?,?,No,?,2.22,1,1,0,0,0,0,0,?
?,402,No,No,No,Yes,Yes,No,26,2.49,22,0.90909,0.045454,0,13.136363,0,0,High
?,378,No,No,No,Yes,Yes,No,28,3.27,20,1,0,0.05,15.15,2,1,High
?,?,?,?,?,?,?,?,?,3.33,1,1,0,0,10,0,0,?
?,?,?,?,?,?,?,No,?,2.6,1,1,0,0,10,0,0,?
?,332,No,No,No,Yes,Yes,No,26,2.47,18,0.944444,0.055555,0,17.444444,0,1,High
?,613,No,No,Yes,Yes,Yes,No,31,2.67,36,1,0,0,13.611111,3,1,High
?,228,No,No,No,Yes,Yes,No,24,2.58,12,1,0,0,10.583333,0,1,High
?,122,No,No,No,Yes,No,No,23,3.34,8,0.875,0,0,19.75,0,0,High
?,347,No,No,No,Yes,Yes,No,26,3.03,19,1,0,0.368421,14.842105,0,0,High
?,?,?,?,?,?,?,No,?,2,1,1,0,0,31,0,0,?
?,685,No,No,No,Yes,Yes,No,28,3.5,37,0.945945,0.027027,0,19.351351,2,2,High
?,12,No,No,No,No,No,?,?,2,1,1,0,0,4,0,0,?
?,69,No,No,No,Yes,No,No,21,2.81,4,1,0,0,11.5,0,0,High
?,325,No,No,No,Yes,Yes,No,26,3.61,16,1,0,0,19.25,1,0,High
?,?,?,?,?,?,?,No,?,2.75,1,1,0,0,9,0,0,?
?,?,?,?,?,?,?,?,?,2.8,1,1,0,0,12,0,0,?
?,418,No,No,No,Yes,Yes,No,28,3.21,24,1,0,0,18.166666,0,0,High
?,?,?,?,?,?,?,?,?,4,1,1,0,0,9,0,0,?
?,50,No,No,No,No,No,No,19,2.35,4,1,0,0,13.25,0,0,Low
?,?,?,?,?,?,?,?,?,1.67,1,1,0,0,13,0,0,?
?,84,No,No,No,Yes,No,No,21,3.06,7,1,0,0,17.142857,0,0,High
?,1185,Yes,No,Yes,Yes,Yes,No,30,3.42,53,1,0,0,16.396226,0,0,High
?,618,No,No,Yes,Yes,Yes,Yes,27,2.83,31,0.967741,0,0,14.838709,5,1,High
?,661,Yes,No,Yes,Yes,Yes,No,31,2.39,31,0.903225,0.096774,0.032258,8.032258,3,3,Low
?,690,Yes,No,Yes,Yes,Yes,No,29,2.67,33,0.878787,0.090909,0.090909,13.121212,2,2,Low
?,516,Yes,No,Yes,Yes,Yes,No,30,2.77,24,0.875,0,0,13.375,0,1,Low
?,801,Yes,No,Yes,Yes,Yes,No,30,3.22,35,0.885714,0.057142,0.057142,14.371428,1,2,High
?,485,Yes,No,Yes,Yes,Yes,No,24,2.46,29,1,0.241379,0.034482,6.413793,1,11,Low
?,837,Yes,No,Yes,Yes,Yes,No,29,3.33,38,0.973684,0,0,14.789473,1,1,High
?,961,No,No,Yes,Yes,Yes,No,28,2.87,51,0.941176,0.019607,0,14.823529,1,1,Low
?,849,No,No,Yes,Yes,Yes,No,28,2.87,44,0.954545,0,0,16.090909,1,2,Low
?,594,Yes,No,Yes,No,Yes,No,28,2.7,34,0.764705,0.029411,0.029411,12.352941,2,2,Low
?,855,Yes,No,Yes,No,Yes,No,30,2.83,39,0.923076,0,0,15.923076,2,1,Low
?,680,Yes,No,Yes,No,Yes,No,30,2.66,35,0.828571,0.028571,0,12.714285,4,2,Low
?,630,Yes,No,Yes,No,Yes,No,27,2.61,35,0.914285,0,0,13.2,2,1,Low
D,336,Yes,No,Yes,No,Yes,No,15,2.7,9,0.666666,0,0,5.222222,2,1,Low
?,527,No,No,Yes,Yes,Yes,No,26,2.3,30,0.966666,0.033333,0,15.5,0,4,Low
?,56,No,No,No,No,No,No,17,2.38,2,1,0,0,18.5,0,0,High
?,252,No,No,No,Yes,No,No,29,3.02,14,1,0,0,6.357142,0,1,High
?,?,?,?,?,?,?,No,?,1.75,1,1,0,0,5,0,0,?
D,198,No,No,Yes,Yes,Yes,No,24,2.74,8,1,0,0,14.625,0,0,High
D,160,No,No,No,Yes,No,No,27,3.45,9,1,0,0,7.666666,0,2,High
?,339,No,No,Yes,Yes,Yes,No,25,3.42,22,1,0,0,18.90909,0,0,High
?,442,No,No,Yes,Yes,Yes,No,25,2.37,25,0.96,0.04,0,13,1,2,Low
?,453,No,No,Yes,Yes,Yes,No,26,2.98,25,0.96,0,0,15,2,0,Low
Y,215,No,No,No,Yes,No,No,24,3.67,13,1,0,0,18.461538,1,0,High
?,758,No,No,Yes,Yes,Yes,No,27,2.78,40,1,0,0,14,2,0,Low
?,717,No,No,Yes,Yes,Yes,No,30,3.32,36,1,0,0,19.361111,1,2,High
?,886,No,No,Yes,Yes,Yes,No,26,3.04,48,0.958333,0,0,16.0625,0,3,High
?,479,No,No,Yes,Yes,Yes,No,31,2.49,22,1,0,0,18.045454,1,0,Low
?,840,No,No,Yes,Yes,Yes,No,29,1.93,39,0.820512,0.025641,0.025641,14.025641,2,6,High
?,794,No,No,Yes,Yes,Yes,No,27,1.99,38,0.947368,0.026315,0,14.657894,5,1,Low
?,194,No,No,Yes,Yes,Yes,No,21,2.03,10,1,0,0.1,12.1,0,1,High
?,?,?,?,?,?,?,?,?,2.2,1,1,0,0,7,0,0,?
?,317,No,No,Yes,Yes,Yes,No,28,2.99,14,1,0.071428,0,13.857142,0,0,Low
?,455,No,No,Yes,Yes,Yes,No,29,2.65,23,0.913043,0,0,13.608695,1,3,High
?,493,No,No,Yes,Yes,Yes,No,28,2.5,27,1,0.037037,0,17.481481,2,1,Low
Y,172,No,No,No,Yes,Yes,No,28,3.23,8,0.75,0.25,0,13.625,1,1,High
?,231,No,No,Yes,Yes,Yes,No,28,2.26,12,1,0,0,12.916666,0,0,Low
?,728,No,No,Yes,Yes,Yes,No,33,2.54,36,0.972222,0.138888,0,15.555555,0,2,Low
?,741,No,No,Yes,No,Yes,No,30,1.67,35,1,0.028571,0.028571,16.028571,1,0,Low
?,776,No,No,Yes,Yes,Yes,No,31,2.57,37,0.945945,0.108108,0.027027,17.864864,1,1,High
?,787,No,No,Yes,No,Yes,No,30,1.54,38,1,0.026315,0.026315,14.18421,0,0,Low
?,1185,No,No,Yes,Yes,Yes,No,27,2.25,59,0.864406,0.016949,0,10.627118,7,3,Low
?,964,No,No,Yes,Yes,Yes,No,28,2.66,44,1,0.022727,0,14.363636,0,0,Low
?,637,No,No,Yes,Yes,Yes,No,28,2.75,29,0.965517,0,0,14.413793,2,3,Low
?,1084,No,No,Yes,Yes,Yes,No,31,2.79,46,1,0,0,14.217391,1,1,High
?,864,No,No,Yes,Yes,Yes,No,29,2.77,43,1,0,0,12,0,1,High
?,875,No,No,Yes,Yes,Yes,No,30,2.89,38,1,0,0,12.5,3,1,High
?,547,No,No,Yes,Yes,Yes,No,26,2.24,28,1,0.035714,0,11.428571,1,1,Low
?,?,?,?,?,?,?,?,?,1.43,1,1,0,0,6,0,0,?
?,425,No,No,Yes,Yes,Yes,No,24,2.58,23,1,0,0,14.869565,0,1,Low
?,556,No,No,Yes,Yes,Yes,No,27,1.88,29,0.931034,0,0,14.172413,0,0,Low
?,771,No,No,Yes,Yes,Yes,No,31,2.79,34,0.970588,0.029411,0,13.588235,1,2,High
?,362,No,No,Yes,Yes,Yes,No,21,2.41,22,0.954545,0.045454,0,12.045454,1,1,Low
?,1223,No,No,Yes,Yes,Yes,No,28,2.4,57,1,0,0,19.175438,2,1,Low
?,656,No,No,Yes,Yes,Yes,No,29,2.9,28,0.964285,0,0,15.464285,2,1,High
?,?,?,?,?,?,?,No,?,2.5,1,1,0,0,9,0,0,?
?,522,No,No,Yes,Yes,Yes,No,28,2.46,25,1,0,0,12.76,2,0,Low
?,665,No,No,Yes,Yes,Yes,No,25,2.15,41,0.975609,0.02439,0,11.390243,0,0,Low
?,694,No,Yes,Yes,Yes,Yes,No,26,2.76,36,1,0,0,14.388888,0,0,High
?,222,No,No,No,Yes,Yes,No,26,3.32,13,1,0,0,14.461538,0,0,High
?,?,?,?,?,?,?,?,?,2.56,1,1,0,0,13,0,0,?
?,585,No,No,Yes,Yes,Yes,No,26,2.29,28,1,0,0,12.25,3,1,Low
?,?,?,?,?,?,?,?,?,2.44,1,1,0,0,5,0,0,?
?,429,No,No,No,Yes,Yes,No,29,2.5,22,1,0,0,12.318181,0,0,High
?,?,?,?,?,?,?,?,?,2.09,1,0,1,0,9,0,0,?
?,?,?,?,?,?,?,?,?,1.6,1,1,0,0,15,0,0,?
?,?,?,?,?,?,?,No,?,2.83,1,1,0,0,21,0,0,?
?,?,?,?,?,?,?,?,?,?,1,1,0,0,9,0,0,?
?,372,No,No,Yes,Yes,Yes,No,26,2.91,21,1,0,0,17.714285,1,0,High
?,?,?,?,?,?,?,?,?,2.58,1,1,0,0,2,0,1,?
?,?,?,?,?,?,?,?,?,2.86,1,1,0,0,4,0,0,?
?,583,No,No,Yes,Yes,Yes,No,26,2.63,27,0.925925,0,0,12,1,0,Low
?,855,No,No,Yes,No,Yes,No,25,1.51,43,0.860465,0.046511,0,11.930232,1,6,Low
?,?,?,?,?,?,?,?,?,1.25,1,1,0,0,0,0,0,?
?,564,No,No,Yes,No,Yes,No,25,1.06,30,0.833333,0,0,8.866666,2,4,Low
?,602,No,No,Yes,Yes,Yes,No,28,2.85,31,1,0,0,16.16129,0,0,High
?,?,?,?,?,?,?,?,?,2.67,1,0,0,0,2,0,1,?
?,528,No,No,Yes,No,Yes,No,29,1.8,27,0.777777,0,0.111111,5.481481,7,6,Low
?,?,?,?,?,?,?,No,28,?,15,1,0,0,9.333333,0,2,?
?,?,?,?,?,?,?,?,?,1.58,1,1,0,0,11,0,0,?
?,221,No,No,Yes,No,Yes,No,38,1.42,12,0.75,0,0,15.583333,2,1,Low
?,600,No,No,Yes,No,Yes,No,29,2.23,27,1,0,0,13.629629,0,1,Low
?,577,No,No,Yes,No,Yes,No,25,1.89,30,0.966666,0.033333,0,9.9,2,3,Low
?,645,No,No,Yes,Yes,Yes,No,28,2.72,29,1,0,0,15.896551,0,1,High
?,668,No,No,Yes,Yes,Yes,No,28,2.89,29,1,0,0,13.551724,0,0,High
?,?,?,?,?,?,?,No,?,2.4,1,1,0,0,17,0,0,?
?,861,No,No,Yes,Yes,Yes,No,30,2.51,38,0.868421,0.052631,0,14.026315,1,3,Low
?,1044,No,No,Yes,Yes,Yes,No,30,2.69,47,0.93617,0.085106,0,15.446808,1,3,High
?,896,No,No,Yes,Yes,Yes,No,30,2.51,38,0.947368,0.026315,0,16.605263,1,0,High
?,972,No,No,Yes,Yes,Yes,No,31,2.99,41,0.780487,0.04878,0,9.512195,5,7,High
?,509,No,No,Yes,No,Yes,No,27,2,23,0.956521,0.043478,0,18.391304,0,2,Low
?,518,No,No,Yes,No,Yes,No,21,1.69,31,1,0,0,16.709677,3,1,Low
?,484,No,No,Yes,Yes,Yes,No,27,2.63,24,1,0,0.041666,15.833333,0,0,High
?,451,No,No,Yes,No,Yes,No,29,2.06,22,0.954545,0,0,13.318181,0,1,Low
?,439,No,No,Yes,No,Yes,No,26,1.67,26,0.923076,0,0,17.76923,1,1,Low
?,774,No,No,Yes,No,Yes,No,27,2.1,42,0.857142,0,0,9.190476,5,3,Low
?,?,?,?,?,?,?,No,?,2.8,1,1,0,0,3,0,0,?
?,?,?,?,?,?,?,?,?,2.75,1,1,0,0,4,0,0,?
?,?,?,?,?,?,?,No,?,2.2,1,1,0,0,9,0,0,?
?,?,?,?,?,?,?,?,?,2.75,1,1,0,0,28,0,0,?
?,?,?,?,?,?,?,No,?,2.22,1,1,0,0,10,0,0,?
?,137,No,No,No,Yes,No,No,?,2.86,6,1,0,0,19,0,1,High
?,?,?,?,?,?,?,No,?,2.25,1,1,0,0,21,0,0,?
?,272,No,No,Yes,No,Yes,No,32,2.8,11,1,0,0,8.454545,1,1,Low
?,839,No,No,Yes,No,Yes,No,30,2.38,37,1,0,0,13.945945,1,1,Low
?,1198,No,No,Yes,No,Yes,No,27,1.84,52,0.961538,0,0,11.115384,2,5,Low
?,932,No,No,Yes,No,Yes,No,27,2.11,43,0.976744,0,0,12.697674,4,2,Low
?,714,No,No,Yes,No,Yes,No,30,1.99,38,0.973684,0,0,14.315789,4,5,Low
?,516,No,No,Yes,Yes,Yes,No,30,3.3,26,0.961538,0,0,18.692307,1,2,High
?,865,No,Yes,Yes,Yes,Yes,No,33,3.92,38,0.947368,0.026315,0,11.157894,3,0,High
?,1340,No,Yes,Yes,Yes,Yes,No,31,3.25,60,1,0.033333,0,16,5,0,High
?,1109,No,Yes,Yes,Yes,Yes,No,33,3.64,48,0.979166,0.020833,0,16.583333,1,1,High
?,1207,No,Yes,Yes,Yes,Yes,No,33,3.7,51,0.960784,0.019607,0,14.313725,1,2,High
?,1045,No,Yes,Yes,Yes,Yes,No,32,3.07,51,0.960784,0,0,12.294117,5,1,High
?,577,No,No,Yes,Yes,Yes,No,29,2.58,29,0.965517,0.034482,0,12.137931,0,1,Low
?,291,No,No,Yes,No,Yes,No,22,1.2,19,0.842105,0.210526,0,5.157894,3,6,Low
?,460,No,No,Yes,No,Yes,No,28,2.37,22,1,0,0,13.40909,1,3,Low
D,251,No,No,Yes,No,Yes,No,33,3.17,17,0.352941,0.294117,0.117647,2.882352,3,6,High
?,591,No,No,Yes,Yes,Yes,No,30,3.16,30,1,0,0,20.733333,2,1,High
?,236,Yes,Yes,Yes,No,Yes,No,19,1.63,18,1,0,0,12.166666,0,0,Low
?,597,No,Yes,Yes,No,Yes,No,30,2.19,37,0.918918,0.027027,0,14.189189,1,1,Low
?,439,Yes,No,Yes,No,Yes,No,23,2.09,33,0.878787,0,0,8.818181,6,5,Low
?,743,No,Yes,Yes,No,Yes,No,30,2.09,45,0.977777,0,0,15.488888,0,2,Low
?,830,No,Yes,Yes,No,Yes,No,26,1.94,58,0.982758,0,0,12.982758,3,6,Low
?,755,No,Yes,Yes,No,Yes,No,24,1.79,49,0.959183,0,0,12.653061,5,1,Low
?,956,Yes,No,Yes,Yes,Yes,No,31,3.4,42,1,0,0,20.238095,0,0,High
?,784,Yes,No,Yes,Yes,Yes,No,28,2.3,42,1,0,0,14.5,0,0,Low
?,594,No,No,Yes,Yes,Yes,No,31,2.6,29,1,0,0,18.689655,0,3,Low
?,634,No,Yes,Yes,No,Yes,No,27,2.36,40,1,0,0,12.4,1,0,Low
?,555,No,Yes,Yes,No,Yes,No,21,1.75,40,1,0,0,12.85,2,2,Low
?,516,No,Yes,Yes,No,Yes,No,23,1.73,41,0.975609,0,0,12.756097,1,4,Low
?,752,No,Yes,Yes,Yes,Yes,No,31,2.94,30,1,0,0,20.1,0,0,High
?,853,No,Yes,Yes,No,Yes,No,28,2.09,45,1,0,0,12.133333,0,1,Low
?,212,No,No,Yes,No,Yes,No,28,1.7,16,0.8125,0,0,8.5,4,2,Low
Y,?,?,?,?,?,?,?,?,2.33,1,1,0,0,6,0,0,?
Y,404,No,No,Yes,Yes,Yes,No,28,2.77,21,0.95238,0,0,14.857142,0,3,High
?,517,No,No,Yes,No,Yes,No,24,1.69,27,1,0,0,12.333333,1,2,Low
?,500,No,No,Yes,No,Yes,No,30,1.96,24,0.958333,0,0,16.416666,0,1,Low
?,384,No,No,Yes,No,Yes,No,31,2.22,15,0.933333,0,0,13.333333,1,1,Low
?,152,No,No,Yes,No,Yes,No,18,1.98,8,0.75,0.125,0,8.25,1,2,Low
?,420,No,No,Yes,No,Yes,No,24,1.72,25,0.8,0.16,0,9.32,2,4,Low
?,1546,No,Yes,Yes,Yes,Yes,No,29,2.23,76,0.868421,0.039473,0,7.052631,18,27,High
?,872,No,No,Yes,No,Yes,No,27,2.21,45,0.977777,0,0,15.8,1,2,High
?,472,No,No,Yes,No,Yes,No,29,1.68,23,0.956521,0,0.043478,9.304347,0,7,Low
?,848,Yes,Yes,Yes,Yes,Yes,No,34,2.51,38,0.921052,0.052631,0.026315,7.263157,2,7,Low
?,1178,Yes,Yes,Yes,Yes,Yes,No,29,2.9,51,0.980392,0.039215,0,9.156862,0,3,Low
?,619,No,No,Yes,No,Yes,No,25,2.2,33,0.939393,0.060606,0,9.818181,5,3,High
?,377,No,No,No,No,Yes,No,30,1.53,17,1,0,0,14.529411,2,1,Low
?,?,?,?,?,?,?,No,2,2.25,1,1,0,0,7,0,0,?
?,380,No,No,No,Yes,Yes,No,24,3.19,24,1,0,0,16.958333,0,0,High
?,?,?,?,?,?,?,?,?,3.4,1,1,0,0,19,0,0,?
?,494,No,No,Yes,Yes,Yes,No,19,2.04,28,0.928571,0,0,10.821428,0,4,High
?,19,No,No,No,No,No,?,?,2.06,5,1,0,0,7,1,0,?
?,?,?,?,?,?,?,No,2,?,1,1,0,0,33,0,0,?
?,443,No,No,Yes,Yes,Yes,No,27,2.42,21,1,0,0,17.523809,0,0,High
?,?,?,?,?,?,?,No,?,1.2,1,1,0,0,9,0,0,?
?,460,No,No,Yes,Yes,Yes,No,22,2.19,25,1,0,0,10.72,0,4,Low
?,216,No,No,No,Yes,Yes,No,23,3.42,13,1,0,0,17.538461,0,2,High
?,277,No,No,Yes,Yes,Yes,No,?,2.55,15,1,0,0,11.6,0,1,High
Y,52,No,No,No,No,No,?,?,3.56,2,1,0,0,11,0,0,High
?,?,?,?,?,?,?,?,?,2,1,0,0,0,1,1,0,?
?,355,No,No,No,Yes,Yes,No,25,3.31,21,1,0,0,12.428571,2,0,High
?,87,No,No,No,Yes,Yes,No,?,2.34,5,1,0,0,12.6,0,0,High
?,331,No,No,No,Yes,Yes,No,25,3.2,19,1,0,0,14.052631,0,0,High
?,691,No,No,Yes,Yes,Yes,No,27,3.02,38,1,0,0,18.5,0,0,High
?,715,No,No,Yes,No,Yes,No,26,2.39,40,0.925,0.025,0,19.15,1,1,Low
?,665,No,No,Yes,No,Yes,No,25,2.52,32,0.90625,0.125,0,8.59375,2,6,Low
?,745,No,No,Yes,No,Yes,No,23,2.3,42,0.95238,0.047619,0,11.714285,3,2,Low
?,598,No,No,Yes,No,Yes,No,22,2.28,37,1,0.027027,0,11.54054,1,0,Low
?,308,No,No,Yes,No,Yes,No,25,2,15,0.866666,0,0,13.133333,1,1,Low
?,608,No,No,Yes,No,Yes,No,26,2.15,31,0.967741,0,0,10.258064,0,4,Low
?,744,No,No,Yes,No,Yes,No,28,2.74,36,0.944444,0.027777,0,13.694444,1,1,High
?,303,No,No,Yes,No,Yes,No,22,2.46,18,0.888888,0,0,8.111111,3,3,Low
?,773,No,No,Yes,Yes,Yes,No,30,2.92,35,1,0.057142,0,10.657142,3,1,High
?,142,No,No,Yes,No,Yes,No,15,2.07,12,0.916666,0,0,11.75,0,2,Low
?,?,?,?,?,?,?,?,?,2.29,1,1,0,0,7,0,0,?
?,442,No,No,Yes,Yes,Yes,No,28,2.78,21,0.95238,0.047619,0,11.761904,1,2,High
?,681,No,No,Yes,No,Yes,No,27,1.61,33,0.878787,0.181818,0,8.969696,4,5,Low
?,811,No,No,Yes,Yes,Yes,No,33,2.64,33,0.969696,0.030303,0.030303,10.848484,0,2,Low
?,653,Yes,No,Yes,No,Yes,No,32,2.21,31,0.935483,0.129032,0,8.387096,0,2,Low
?,776,No,No,Yes,No,Yes,No,32,1.96,36,0.972222,0.083333,0,11.277777,2,2,Low
?,731,Yes,No,Yes,Yes,Yes,No,33,2.1,35,1,0.028571,0,15.857142,2,0,Low
?,640,No,No,Yes,No,Yes,No,34,2.09,27,0.888888,0,0.037037,14.777777,1,4,Low
?,706,No,No,Yes,No,Yes,No,31,1.84,33,0.939393,0.090909,0,10.90909,2,0,Low
?,497,No,No,Yes,No,Yes,No,29,2.04,22,0.90909,0.181818,0,9.954545,0,2,Low
?,1194,No,No,Yes,No,Yes,No,31,1.81,53,0.962264,0.207547,0.018867,10.490566,4,6,Low
?,11,No,No,No,No,No,?,?,1.73,1,1,0,0,17,0,0,?
?,317,No,No,Yes,Yes,Yes,No,23,2.25,18,0.944444,0,0,14.222222,1,2,Low
?,638,No,No,Yes,Yes,Yes,No,25,2.51,32,0.9375,0.03125,0,5.40625,5,6,Low
?,734,Yes,No,Yes,Yes,Yes,No,26,2.19,41,0.951219,0.02439,0,10.658536,3,5,Low
?,680,No,No,Yes,Yes,Yes,No,26,2.51,38,0.921052,0,0,8.526315,4,3,Low
?,701,No,No,Yes,Yes,Yes,No,23,2.83,38,1,0,0,19.263157,2,1,High
?,727,No,No,Yes,Yes,Yes,No,28,2.96,36,0.972222,0,0,16.138888,1,1,High
?,647,No,No,Yes,No,Yes,No,30,2.1,31,0.935483,0,0,8.387096,2,1,Low
?,732,No,No,Yes,No,Yes,No,28,1.58,38,0.868421,0,0,9.5,5,6,Low
?,736,No,No,Yes,No,Yes,No,26,1.47,39,0.948717,0.025641,0,10.538461,2,5,Low
?,443,No,No,Yes,Yes,Yes,No,27,2.1,23,0.913043,0.043478,0,8,0,3,Low
?,634,No,No,Yes,No,Yes,No,23,2.02,35,0.885714,0,0,6.771428,8,2,Low
?,683,No,No,Yes,Yes,Yes,No,29,3.42,29,1,0,0,11.75862,0,4,High
?,724,No,No,Yes,Yes,Yes,No,29,2.34,38,0.973684,0.026315,0,11.526315,4,0,Low
?,805,No,No,Yes,No,Yes,No,28,2.2,41,1,0,0,12.731707,1,0,Low
?,869,No,No,Yes,No,Yes,No,24,2.33,49,0.959183,0.020408,0,12.244897,1,1,Low
?,?,?,?,?,?,?,?,?,2.46,1,1,0,0,7,0,0,?
?,488,No,No,Yes,No,Yes,No,29,1.71,24,0.75,0,0.083333,11.833333,6,8,Low
?,630,No,No,Yes,No,Yes,No,24,1.76,39,0.897435,0.051282,0,13,3,1,Low
?,165,No,No,Yes,No,Yes,No,24,1.19,11,0.818181,0,0,14.636363,0,0,Low
?,263,No,No,Yes,Yes,Yes,No,25,1.99,13,1,0,0,10.153846,0,0,Low
?,242,Yes,No,Yes,Yes,Yes,No,29,2.32,11,0.90909,0,0,16.181818,0,1,Low
?,1054,No,No,Yes,Yes,Yes,No,28,3.44,48,1,0,0,10.875,3,2,High
?,616,No,No,Yes,Yes,Yes,No,28,3.45,26,0.961538,0.038461,0,10.961538,4,0,High
?,590,No,No,Yes,Yes,Yes,No,25,3.19,28,1,0,0,9.821428,2,2,Low
?,751,No,No,Yes,Yes,Yes,No,29,2.37,34,1,0,0,13.117647,2,2,Low
?,?,?,?,?,?,?,No,4,?,1,1,0,0,11,0,0,?
?,112,No,No,No,Yes,Yes,No,21,2.73,8,1,0,0,17.25,1,0,High
?,774,No,No,Yes,Yes,Yes,No,27,1.9,44,1,0,0,15.363636,2,0,Low
?,?,?,?,?,?,?,?,?,2.1,1,1,0,0,6,0,0,?
?,612,No,No,Yes,Yes,Yes,No,21,2.67,44,0.931818,0,0,10.5,5,3,Low
?,1054,No,No,Yes,Yes,No,No,29,2.94,46,0.97826,0,0.021739,16.5,0,1,High
?,343,No,No,Yes,No,Yes,No,24,1.76,22,0.954545,0,0,10.045454,0,3,Low
?,?,?,?,?,?,?,No,23,1.97,33,0.969696,0.030303,0,10.212121,2,2,?
?,412,No,No,Yes,Yes,Yes,No,28,2.96,25,0.96,0,0.24,15.28,1,1,Low
?,627,No,No,Yes,Yes,Yes,No,27,3.03,33,0.939393,0.030303,0,12.454545,2,0,High
?,504,No,No,Yes,Yes,Yes,No,28,2.81,27,1,0.037037,0,13.037037,0,3,Low
?,676,No,No,Yes,No,Yes,No,29,1.78,40,0.85,0.025,0,8.75,5,4,Low
?,419,No,No,Yes,Yes,Yes,No,32,3.67,18,0.944444,0,0.111111,19,0,1,Low
?,345,No,No,Yes,Yes,Yes,No,23,2.43,22,0.863636,0,0.045454,12.090909,2,1,Low
?,?,?,?,?,?,?,?,?,2.33,1,1,0,0,37,0,0,?
?,716,No,No,Yes,No,Yes,No,27,2.25,36,0.888888,0,0.027777,13.694444,1,4,Low
?,556,No,No,Yes,Yes,Yes,No,28,2.23,26,0.846153,0.038461,0,8.461538,0,3,High
?,473,No,No,Yes,Yes,Yes,No,23,2.13,28,0.892857,0,0,10.25,1,5,High
Y,210,No,No,Yes,Yes,Yes,No,25,3,10,1,0,0,11.2,0,0,High
?,587,No,No,Yes,Yes,Yes,No,27,2.54,31,0.903225,0.032258,0,9.387096,4,1,Low
Y,556,No,No,Yes,Yes,Yes,No,29,3.36,24,1,0.125,0.041666,10.416666,1,3,High
?,397,No,No,Yes,No,Yes,No,27,1.69,22,0.863636,0,0,10.681818,2,2,Low
?,?,?,?,?,?,?,No,?,1.5,1,1,0,0,11,0,0,?
?,389,No,No,Yes,Yes,Yes,No,27,2.84,20,1,0,0,15.75,0,0,Low
?,412,No,No,Yes,Yes,Yes,No,24,1.9,27,1,0.037037,0,12.814814,4,2,Low
?,?,?,?,?,?,?,?,?,1.67,1,1,0,0,4,0,0,?
?,594,No,No,Yes,Yes,Yes,No,25,2.67,31,1,0,0,10.419354,3,2,High
?,240,No,No,No,Yes,Yes,No,22,3.06,11,0.90909,0,0,16,0,1,High
?,169,No,No,No,Yes,Yes,No,23,2.18,9,1,0,0,19.777777,0,0,Low
?,?,?,?,?,?,?,?,?,2.25,1,1,0,0,34,0,0,?
?,?,?,?,?,?,?,?,?,2.75,9,1,0,0,13,0,0,?
?,71,No,No,No,Yes,No,No,?,2.7,4,1,0,0,19.25,1,0,Low
?,232,No,No,No,Yes,Yes,No,29,2.87,10,0.9,0,0,18.4,1,0,Low
?,?,?,?,?,?,?,?,?,2.78,1,1,0,0,32,0,0,?
?,?,?,?,?,?,?,?,?,2.75,1,1,0,0,10,0,0,?
?,34,No,No,No,No,No,No,?,2.56,2,0.5,0,0,13,1,0,Low
?,632,No,No,Yes,No,Yes,No,29,2.93,29,1,0,0,15.172413,0,0,High
?,543,No,Yes,Yes,No,Yes,No,29,3.29,26,1,0,0,15.423076,1,1,High
?,569,Yes,No,Yes,No,Yes,No,30,3.02,24,0.958333,0,0,11.416666,3,2,High
?,396,No,No,Yes,No,Yes,No,21,1.82,27,0.962962,0.037037,0,12.74074,1,3,Low
?,623,No,Yes,No,No,No,No,30,3.95,25,0.96,0,0,14.4,1,2,High
?,799,No,Yes,No,No,Yes,No,32,3.95,34,0.941176,0.058823,0,16.058823,0,3,High
?,764,No,Yes,No,Yes,Yes,No,29,3.9,31,0.967741,0.032258,0,14.387096,3,2,High
?,816,No,Yes,Yes,Yes,No,No,26,4.2,33,0.90909,0,0,11.181818,1,4,High
?,788,No,No,Yes,No,Yes,No,30,1.93,37,0.972972,0,0,13.054054,2,1,Low
?,735,No,No,Yes,No,Yes,No,29,1.96,36,0.944444,0,0,12.083333,0,4,Low
?,838,No,No,Yes,No,Yes,No,30,2.11,37,0.972972,0,0,14.351351,1,2,Low
?,574,No,No,Yes,No,Yes,No,27,2,26,0.961538,0.038461,0,11.884615,1,0,Low
?,616,No,No,Yes,No,Yes,No,27,1.82,32,0.875,0.0625,0,11.21875,2,2,Low
?,589,No,No,Yes,No,Yes,No,27,2.07,27,1,0,0,11.777777,0,2,Low
?,794,No,No,Yes,No,Yes,No,28,1.95,35,0.942857,0.028571,0,14.914285,2,0,Low
?,691,No,No,Yes,No,Yes,No,30,1.82,30,0.9,0.033333,0,6.866666,3,2,High
?,1325,No,No,Yes,Yes,Yes,No,30,3.44,51,1,0,0,14.62745,4,1,High
?,826,No,No,Yes,Yes,Yes,No,32,3.31,34,1,0,0,17.058823,1,4,High
?,1161,No,No,Yes,Yes,Yes,No,29,3.17,48,0.979166,0,0,12.791666,1,4,High
?,956,No,No,Yes,Yes,Yes,No,28,2.92,45,0.955555,0.044444,0,9.977777,4,4,High
?,1366,No,Yes,Yes,Yes,Yes,No,29,3.42,58,0.982758,0,0,15.103448,2,2,High
?,1124,No,No,Yes,Yes,Yes,No,27,3.24,54,0.981481,0,0.018518,12.574074,3,1,High
?,905,No,No,Yes,Yes,Yes,No,34,2.95,37,0.945945,0.027027,0,13.594594,1,3,High
?,1120,No,No,Yes,Yes,Yes,No,31,3.73,50,0.98,0,0,15.08,3,2,High
?,1123,No,No,Yes,Yes,Yes,No,33,2.66,45,0.977777,0,0,9.511111,3,4,Low
?,1105,No,No,Yes,Yes,Yes,No,30,2.99,43,1,0,0,12.930232,1,2,High
?,970,No,No,Yes,Yes,Yes,No,30,2.68,39,1,0,0,13.923076,1,0,Low
?,1489,Yes,Yes,Yes,Yes,Yes,No,30,3.39,68,1,0,0,12.588235,2,2,High
?,1326,No,No,Yes,Yes,Yes,No,31,2.56,54,0.981481,0.018518,0,13.537037,1,3,High
?,1272,No,No,Yes,Yes,Yes,No,32,2.51,59,0.932203,0.016949,0,11.508474,1,4,High
?,1348,No,No,Yes,No,Yes,No,30,2.28,63,0.936507,0,0,12.380952,3,3,Low
?,1357,No,No,Yes,Yes,Yes,No,33,2.35,67,0.940298,0,0,10.985074,1,6,High
?,620,No,No,Yes,No,Yes,No,31,2.25,27,1,0,0,14.481481,2,0,Low
?,747,Yes,No,Yes,Yes,Yes,No,25,2.22,41,0.853658,0.02439,0,8.195121,3,11,Low
?,1161,No,No,Yes,Yes,Yes,No,29,2.66,53,0.943396,0,0,11.773584,4,2,High
?,942,No,No,Yes,Yes,Yes,No,27,2.97,47,0.914893,0,0,11.489361,3,2,High
?,965,No,No,Yes,Yes,Yes,No,29,2.6,48,0.958333,0,0,10.75,4,5,Low
?,614,No,No,Yes,No,Yes,No,30,2.34,30,0.966666,0.066666,0,18.1,0,0,Low
?,790,No,No,Yes,No,Yes,No,30,2.08,38,0.921052,0.052631,0,13.052631,1,1,High
?,978,No,No,Yes,No,Yes,No,29,2.1,42,0.928571,0.047619,0,13.428571,2,1,Low
?,779,No,No,Yes,Yes,No,No,31,3.82,31,0.967741,0,0,12.741935,1,3,High
?,807,No,Yes,Yes,No,Yes,No,28,2.35,38,0.947368,0,0,15.18421,1,2,High
?,463,No,Yes,Yes,No,Yes,No,27,2.25,22,1,0,0,12.181818,2,2,High
?,941,No,No,Yes,Yes,Yes,No,25,2.4,47,0.957446,0.021276,0,13.829787,2,3,Low
?,1251,No,Yes,Yes,Yes,Yes,No,28,2.85,54,0.981481,0.018518,0,14.925925,3,1,High
?,1348,No,Yes,Yes,Yes,Yes,No,29,3.71,57,0.964912,0,0,13.578947,0,2,High
?,1258,No,No,Yes,Yes,Yes,No,29,3.08,57,0.929824,0.052631,0,16.315789,3,5,High
?,847,No,No,Yes,Yes,Yes,Yes,32,3.72,38,1,0.052631,0,14.789473,0,0,High
?,759,No,No,Yes,Yes,Yes,Yes,31,3.21,33,1,0,0,15.424242,0,0,High
?,856,Yes,No,Yes,No,Yes,No,31,2.35,36,0.944444,0.027777,0,10.361111,1,2,Low
?,781,Yes,No,Yes,No,Yes,No,31,2.33,37,1,0,0,9.729729,6,4,Low
?,936,Yes,No,Yes,No,Yes,No,30,2.24,44,0.977272,0,0,9.568181,3,8,Low
D,170,Yes,No,No,No,Yes,No,21,3.35,8,0.625,0,0,6.25,0,2,High
?,1099,Yes,No,Yes,No,Yes,No,32,2.08,47,0.93617,0,0,12.957446,3,2,Low
?,923,Yes,No,Yes,No,Yes,No,31,1.92,35,0.971428,0,0,15.6,2,1,Low
?,500,No,No,Yes,Yes,Yes,No,32,3.18,20,0.95,0,0,10.95,1,0,Low
?,766,No,No,Yes,No,Yes,No,27,1.84,36,0.944444,0,0.138888,11.222222,1,0,Low
?,1145,No,No,Yes,Yes,Yes,No,30,2.62,49,0.938775,0,0.061224,14.244897,1,0,Low
?,21,No,No,No,No,No,?,?,2.08,2,1,0,0,18,1,0,Low
?,1096,No,No,Yes,No,Yes,No,27,1.97,54,1,0,0.24074,16.555555,3,0,Low
?,1030,No,Yes,Yes,Yes,Yes,No,33,3.73,41,0.975609,0.02439,0,14.634146,1,2,High
D,174,No,No,Yes,No,Yes,No,28,3.15,9,1,0,0,14.666666,0,1,High
?,813,No,No,Yes,Yes,Yes,No,32,3.32,34,0.941176,0,0,12.970588,1,3,High
?,612,No,No,Yes,No,Yes,No,31,2.26,27,0.962962,0,0,10.444444,1,4,Low
?,?,?,?,?,?,?,?,?,1.82,1,1,0,0,1,1,0,?
?,675,No,No,Yes,No,Yes,No,32,2.23,30,1,0,0,8,3,5,Low
?,879,No,No,Yes,No,Yes,No,28,1.72,48,0.979166,0.020833,0,9.583333,4,2,Low
?,1115,No,No,Yes,Yes,Yes,No,30,3.11,47,0.957446,0,0,15.021276,2,3,High
?,1384,No,Yes,Yes,Yes,Yes,No,32,3.06,54,0.944444,0,0,18.518518,2,1,High
?,945,No,No,Yes,Yes,Yes,No,31,2.82,39,0.974358,0,0,23.564102,0,1,High
?,?,?,?,?,?,?,No,6,1.64,1,1,0,0,2,0,1,?
?,1278,No,No,Yes,Yes,Yes,No,32,3.37,45,0.977777,0.066666,0,13.466666,4,2,High
?,988,No,No,Yes,Yes,Yes,No,29,3.49,40,1,0,0,12.4,3,1,High
?,946,No,No,Yes,Yes,Yes,No,34,3.08,38,1,0.052631,0,14.763157,1,1,High
?,482,No,No,Yes,No,Yes,No,27,1.73,24,1,0,0,12.166666,3,1,Low
?,1111,No,No,Yes,Yes,Yes,No,31,3.77,50,0.96,0,0,12.44,1,0,High
?,1126,No,Yes,Yes,Yes,Yes,No,29,3.67,48,1,0,0,13.8125,0,3,High
?,1091,No,No,Yes,Yes,Yes,No,28,3.08,47,0.978723,0,0,13.446808,2,0,High
?,1039,No,No,Yes,Yes,Yes,No,29,3.74,45,0.977777,0.022222,0,12.422222,1,1,High
?,911,No,Yes,No,Yes,No,No,29,4.21,39,0.974358,0,0,15.230769,1,3,High
?,871,No,No,Yes,Yes,Yes,No,30,3.46,39,1,0,0,14.282051,0,1,High
?,799,No,No,Yes,Yes,Yes,No,30,3.18,34,1,0,0,10.823529,1,3,High
?,728,No,Yes,Yes,Yes,Yes,No,27,4.26,38,0.973684,0.026315,0,12.736842,2,2,High
?,675,No,Yes,No,Yes,Yes,No,26,4.28,37,0.972972,0.027027,0,17.162162,0,1,High
?,459,No,No,Yes,Yes,No,No,26,4.42,27,1,0,0,16.296296,0,0,High
?,225,No,No,Yes,Yes,Yes,No,26,2.57,10,0.9,0,0,9.1,2,1,Low
D,151,No,No,Yes,No,Yes,No,29,1.63,7,0.571428,0.142857,0,4,0,2,Low
?,358,No,No,Yes,Yes,Yes,No,23,2.83,20,0.95,0,0.05,15.15,0,0,High
?,?,?,?,?,?,?,?,?,2,1,1,0,0,1,1,0,?
?,750,No,No,Yes,Yes,Yes,No,29,2.72,39,1,0,0,11,4,4,Low
?,855,No,No,Yes,Yes,Yes,No,27,2.61,42,0.95238,0,0,8.928571,5,3,Low
?,?,?,?,?,?,?,?,?,2,1,1,0,0,9,0,0,?
?,485,No,No,Yes,Yes,Yes,No,24,2.49,28,0.821428,0.035714,0.071428,11.607142,2,3,Low
?,206,No,No,No,Yes,Yes,No,21,3.02,12,1,0,0,16.833333,0,2,High
?,673,No,Yes,Yes,Yes,Yes,No,26,2.12,36,0.888888,0.027777,0.027777,14.361111,4,2,Low
?,276,No,No,Yes,Yes,No,No,28,3.06,15,1,0,0,6.866666,0,1,Low
?,386,No,No,Yes,Yes,No,No,24,2.93,21,1,0,0,14.571428,0,0,High
